cell_id,umap_1,umap_2,leiden,celltypist_label,celltypist_majority_label,celltypist_confidence
AAACATACAACCAC-1,16.895573,0.49399295,0,Trm cytotoxic T cells,Tcm/Naive helper T cells,0.5007437288869192
AAACATTGAGCTAC-1,10.266652,13.726042,2,B cells,B cells,0.9932597059725239
AAACATTGATCAGC-1,15.645818,2.360429,0,Tcm/Naive helper T cells,Tcm/Naive helper T cells,0.5828686396848589
AAACCGTGCTTCCG-1,-3.067671,-0.38405192,3,Classical monocytes,Classical monocytes,0.9827171607056041
AAACCGTGTATGCG-1,14.898963,-2.7949853,4,CD16+ NK cells,CD16+ NK cells,0.9995789342494266
AAACGCACTGGTAC-1,18.575548,1.658259,1,Regulatory T cells,Tcm/Naive helper T cells,0.9946142890751306
AAACGCTGACCAGT-1,17.073318,-0.8492708,4,Tcm/Naive helper T cells,CD16+ NK cells,0.8305413584880093
AAACGCTGGTTCTT-1,16.091362,0.46565318,0,MAIT cells,Tcm/Naive helper T cells,0.6692831504691572
AAACGCTGTAGCCA-1,17.581646,-1.0512608,4,B cells,CD16+ NK cells,0.7107322204324843
AAACGCTGTTTCTG-1,-5.130324,-0.71333283,3,Non-classical monocytes,Classical monocytes,0.9837899876514405
AAACTTGAAAAACG-1,10.595462,13.7671385,2,B cells,B cells,0.9724996848108095
AAACTTGATCCAGA-1,18.142897,1.4518943,0,Tcm/Naive cytotoxic T cells,Tcm/Naive helper T cells,0.9426860732037562
AAAGAGACGAGATA-1,18.29307,1.5355496,0,Tcm/Naive helper T cells,Tcm/Naive helper T cells,0.801058282753748
AAAGAGACGCGAGA-1,-3.7106798,0.44518343,3,Classical monocytes,Classical monocytes,0.9919840419819207
AAAGAGACGGACTT-1,17.840406,-1.3540823,4,Tem/Trm cytotoxic T cells,CD16+ NK cells,0.9667668402689937
AAAGAGACGGCATT-1,19.359983,-0.3807873,1,Tcm/Naive helper T cells,Tcm/Naive helper T cells,0.9220134251515101
AAAGATCTGGGCAA-1,-4.9856434,1.7650685,3,Classical monocytes,Classical monocytes,0.970998649495766
AAAGCAGAAGCCAT-1,17.176546,-0.9131606,4,MAIT cells,CD16+ NK cells,0.36387443372044104
AAAGCAGATATCGG-1,-2.636476,0.07110376,3,Non-classical monocytes,Classical monocytes,0.9969111717538673
AAAGCCTGTATGCG-1,15.840326,1.951572,0,Tem/Effector helper T cells,Tcm/Naive helper T cells,0.3524546530657815
AAAGGCCTGTCTAG-1,9.98962,13.957323,2,B cells,B cells,0.25840382644344967
AAAGTTTGATCACG-1,9.675812,15.880385,2,B cells,B cells,0.9160622068497489
AAAGTTTGGGGTGA-1,10.195687,14.801534,2,B cells,B cells,0.9435332882353132
AAAGTTTGTAGAGA-1,19.833237,-0.24496284,1,Tcm/Naive helper T cells,Tcm/Naive helper T cells,0.6723452189564415
AAAGTTTGTAGCGT-1,-5.2482204,1.5875872,3,Classical monocytes,Classical monocytes,0.9923514533038545
AAATCAACAATGCC-1,10.799136,14.525391,2,B cells,B cells,0.9899879972625175
AAATCAACACCAGT-1,19.74598,0.32962877,1,Tcm/Naive helper T cells,Tcm/Naive helper T cells,0.8376295789137808
AAATCAACCAGGAG-1,18.324762,1.620094,0,Tcm/Naive cytotoxic T cells,Tcm/Naive helper T cells,0.9998023484742729
AAATCAACCCTATT-1,-2.696273,-1.7270056,5,Macrophages,Non-classical monocytes,0.3800129816513781
AAATCAACGGAAGC-1,19.287233,2.8892236,0,Tcm/Naive helper T cells,Tcm/Naive helper T cells,0.9937493852157064
AAATCAACTCGCAA-1,15.644151,1.137344,0,Tem/Effector helper T cells,Tcm/Naive helper T cells,0.845318033371619
AAATCATGACCACA-1,-3.0660403,-2.4373405,5,Non-classical monocytes,Non-classical monocytes,0.9986264632469153
AAATCCCTCCACAA-1,17.755373,-0.6777057,4,B cells,CD16+ NK cells,0.2667041238067495
AAATCCCTGCTATG-1,10.039479,15.497823,2,B cells,B cells,0.9956202242585599
AAATGTTGAACGAA-1,-3.8918018,0.53460497,3,Classical monocytes,Classical monocytes,0.7873207281268348
AAATGTTGCCACAA-1,16.793783,3.4097533,0,Regulatory T cells,Tcm/Naive helper T cells,0.6607332397301455
AAATGTTGTGGCAT-1,-3.1055617,0.35038787,3,Classical monocytes,Classical monocytes,0.7634433568130444
AAATTCGAAGGTTC-1,18.497915,0.06362785,1,Tcm/Naive helper T cells,Tcm/Naive helper T cells,0.2836413160062317
AAATTCGAATCACG-1,-4.967595,0.9872011,3,Classical monocytes,Classical monocytes,0.9938620089661698
AAATTCGAGCTGAT-1,-3.3770962,-1.5312176,5,Non-classical monocytes,Non-classical monocytes,0.9997074146690783
AAATTCGAGGAGTG-1,18.13189,1.9599017,0,Tcm/Naive cytotoxic T cells,Tcm/Naive helper T cells,0.9999788128095429
AAATTCGATTCTCA-1,14.374465,-0.9672562,4,NK cells,CD16+ NK cells,0.7696351055470785
AAATTGACACGACT-1,16.651543,-0.59921926,4,MAIT cells,CD16+ NK cells,0.6377836419224328
AAATTGACTCGCTC-1,16.916872,0.4065074,0,Tem/Effector helper T cells,Tcm/Naive helper T cells,0.6858385236745137
AACAAACTCATTTC-1,17.746037,0.88258606,0,Tcm/Naive helper T cells,Tcm/Naive helper T cells,0.9893711589605289
AACAAACTTTCGTT-1,18.59053,2.016832,0,Tcm/Naive helper T cells,Tcm/Naive helper T cells,0.6464231378473952
AACAATACGACGAG-1,17.928106,2.9679723,0,Tcm/Naive cytotoxic T cells,Tcm/Naive helper T cells,0.9994042119225373
AACACGTGCAGAGG-1,16.898893,0.7999994,0,Regulatory T cells,Tcm/Naive helper T cells,0.9068931847166518
AACACGTGGAAAGT-1,18.073082,1.8931394,0,Tcm/Naive helper T cells,Tcm/Naive helper T cells,0.861074360314709
AACACGTGGAACCT-1,-3.4983356,0.22566132,3,Classical monocytes,Classical monocytes,0.8888783852833534
AACACGTGGCTACA-1,18.651098,0.3554831,1,Tcm/Naive cytotoxic T cells,Tcm/Naive helper T cells,0.7920793097868679
AACACGTGTACGAC-1,-3.2196045,-2.262573,5,Non-classical monocytes,Non-classical monocytes,0.9999501193424063
AACAGCACAAGAGT-1,-5.517123,-0.1754695,3,Classical monocytes,Classical monocytes,0.9433931397366531
AACATTGATGGGAG-1,-3.3393767,-2.0771263,5,Non-classical monocytes,Non-classical monocytes,0.9973563376360131
AACCAGTGATACCG-1,-3.103739,-1.3748367,5,Non-classical monocytes,Non-classical monocytes,0.9997755339362684
AACCCAGATCGCTC-1,18.656067,1.8834275,0,Tcm/Naive helper T cells,Tcm/Naive helper T cells,0.8146478487369289
AACCGATGCTCCCA-1,17.863504,2.6996074,0,Tcm/Naive helper T cells,Tcm/Naive helper T cells,0.6167108944703563
AACCGATGGTCATG-1,9.404502,14.685919,2,B cells,B cells,0.9959500824225969
AACCGATGTTCTAC-1,-4.1231527,0.54019856,3,Classical monocytes,Classical monocytes,0.9605949145508652
AACCGCCTAGCGTT-1,16.618574,2.548504,0,Tem/Effector helper T cells,Tcm/Naive helper T cells,0.9428240784409566
AACCGCCTCTACGA-1,-3.1181636,-0.17962745,3,Classical monocytes,Classical monocytes,0.7714999408583144
AACCTACTGTGAGG-1,-2.5036418,-0.09832933,3,Non-classical monocytes,Classical monocytes,0.4257565923231556
AACCTACTGTGTTG-1,17.944613,1.3236116,0,Tcm/Naive cytotoxic T cells,Tcm/Naive helper T cells,0.9821251744810396
AACCTTACGAGACG-1,18.647772,1.4054421,0,Tcm/Naive helper T cells,Tcm/Naive helper T cells,0.9496586096992113
AACCTTACGCGAGA-1,14.5520525,-2.336274,4,CD16+ NK cells,CD16+ NK cells,0.9999561514519444
AACCTTACTAACGC-1,-3.8292296,-1.6128702,5,Non-classical monocytes,Non-classical monocytes,0.9484778525199581
AACCTTTGGACGGA-1,16.869724,0.5329168,0,Tcm/Naive helper T cells,Tcm/Naive helper T cells,0.9816278703652608
AACCTTTGTACGCA-1,-2.552012,-1.9559964,5,Non-classical monocytes,Non-classical monocytes,0.9980231640995442
AACGCAACAAGTAG-1,16.723032,2.2276726,0,Regulatory T cells,Tcm/Naive helper T cells,0.7165589240126399
AACGCATGACCCAA-1,18.191202,0.54302806,1,Tem/Effector helper T cells,Tcm/Naive helper T cells,0.9276879110087032
AACGCATGCCTTCG-1,18.99313,1.9141881,0,Tcm/Naive cytotoxic T cells,Tcm/Naive helper T cells,0.998441604629093
AACGCATGTACTTC-1,17.140427,3.3966658,0,Regulatory T cells,Tcm/Naive helper T cells,0.49497802658805745
AACGCCCTCGGGAA-1,16.551668,1.0731958,0,Tem/Effector helper T cells,Tcm/Naive helper T cells,0.6554979832323505
AACGCCCTCGTACA-1,14.182684,-2.4845743,4,CD16+ NK cells,CD16+ NK cells,0.9999038750865287
AACGCCCTGCTTAG-1,10.2582445,15.560694,2,B cells,B cells,0.9886764866354649
AACGCCCTGGCATT-1,17.193684,1.769713,0,Tcm/Naive helper T cells,Tcm/Naive helper T cells,0.6587005306651085
AACGTCGAGTATCG-1,14.478014,-2.317433,4,CD16+ NK cells,CD16+ NK cells,0.9997864481021282
AACGTGTGAAAGCA-1,16.713034,1.2000386,0,Tcm/Naive helper T cells,Tcm/Naive helper T cells,0.7926757417659471
AACGTGTGGCGGAA-1,9.875976,14.268291,2,B cells,B cells,0.9948694686313418
AACGTGTGTCCAAG-1,18.455212,0.39156255,1,Tcm/Naive cytotoxic T cells,Tcm/Naive helper T cells,0.8303517037674301
AACGTGTGTGCTTT-1,16.673887,2.5424666,0,Regulatory T cells,Tcm/Naive helper T cells,0.5072145810553504
AACTACCTTAGAGA-1,17.684607,2.795602,0,Tcm/Naive helper T cells,Tcm/Naive helper T cells,0.9451629662837957
AACTCACTCAAGCT-1,-3.3591716,0.6506869,3,Classical monocytes,Classical monocytes,0.9212106971252174
AACTCACTTGGAGG-1,-4.467887,1.1273673,3,Classical monocytes,Classical monocytes,0.9894386383405989
AACTCGGAAAGTGA-1,17.262533,-0.75028574,4,MAIT cells,CD16+ NK cells,0.5881702477753032
AACTCGGAAGGTCT-1,-5.1250973,-0.14047101,3,Classical monocytes,Classical monocytes,0.9812050292521013
AACTCTTGCAGGAG-1,18.11316,2.365608,0,Regulatory T cells,Tcm/Naive helper T cells,0.74589708807191
AACTGTCTCCCTTG-1,-4.4888287,1.8811896,3,Classical monocytes,Classical monocytes,0.8732994211584603
AACTTGCTACGCTA-1,10.755105,14.18012,2,B cells,B cells,0.9649371101843935
AACTTGCTGGGACA-1,18.66822,0.6696618,1,Tcm/Naive helper T cells,Tcm/Naive helper T cells,0.9943612390573401
AAGAACGAGTGTTG-1,19.731075,-0.70100623,1,Tcm/Naive helper T cells,Tcm/Naive helper T cells,0.30643834032602096
AAGAAGACGTAGGG-1,9.516593,14.52415,2,B cells,B cells,0.9935379885023654
AAGACAGAAGTCTG-1,9.570481,14.570381,2,B cells,B cells,0.990696391732467
AAGACAGAGGATCT-1,18.659622,0.93099004,1,Tcm/Naive helper T cells,Tcm/Naive helper T cells,0.9627904094914883
AAGACAGATTACCT-1,-4.430369,0.14439043,3,Classical monocytes,Classical monocytes,0.9715913923587148
AAGAGATGGGTAGG-1,10.482479,15.572074,2,B cells,B cells,0.7452351105968172
AAGATGGAAAACAG-1,10.0987215,14.788226,2,B cells,B cells,0.9870900827549911
AAGATGGAGAACTC-1,-3.2015188,0.51760936,3,Classical monocytes,Classical monocytes,0.6886433155377114
AAGATGGAGATAAG-1,-3.393336,1.5186481,3,Classical monocytes,Classical monocytes,0.9567802795527052
AAGATTACAACCTG-1,20.11796,1.50051,1,Tcm/Naive helper T cells,Tcm/Naive helper T cells,0.9973396691839748
AAGATTACAGATCC-1,-3.2474737,0.8162886,3,Classical monocytes,Classical monocytes,0.8983773499229017
AAGATTACCCGTTC-1,-3.9077845,1.0233318,3,Classical monocytes,Classical monocytes,0.9531543482011432
AAGATTACCGCCTT-1,-1.4824648,2.6045024,6,DC,DC,0.8948213789302155
AAGATTACCTCAAG-1,14.330552,-2.6209872,4,CD16+ NK cells,CD16+ NK cells,0.9999928452022142
AAGATTACTCCTCG-1,-5.676221,0.20464095,3,Classical monocytes,Classical monocytes,0.8935644808624726
AAGCAAGAGCGAGA-1,16.782122,1.1738753,0,Trm cytotoxic T cells,Tcm/Naive helper T cells,0.3552135360508676
AAGCAAGAGCTTAG-1,16.016937,-2.2741094,4,CD16+ NK cells,CD16+ NK cells,0.1851992205796747
AAGCAAGAGGTGTT-1,14.946283,-2.0976808,4,CD16+ NK cells,CD16+ NK cells,0.7253455955071254
AAGCACTGAGCAAA-1,10.492758,14.078352,2,B cells,B cells,0.9980253846761283
AAGCACTGCATACG-1,18.61547,-0.8294071,1,NK cells,Tcm/Naive helper T cells,0.6011197903369518
AAGCACTGGTTCTT-1,9.805078,13.989436,2,B cells,B cells,0.9906981080538291
AAGCCAACGTGTTG-1,18.440033,1.8753576,0,Tcm/Naive helper T cells,Tcm/Naive helper T cells,0.9830561213755666
AAGCCATGAACTGC-1,-1.3353432,2.6180701,6,DC2,DC,0.5995830446937721
AAGCCATGACACGT-1,-5.2900906,0.47751963,3,Classical monocytes,Classical monocytes,0.9611251759099033
AAGCCATGCGTGAT-1,17.849106,0.7363125,0,Tcm/Naive helper T cells,Tcm/Naive helper T cells,0.859180650076678
AAGCCATGTCTCGC-1,17.695553,-0.39814138,0,Tem/Trm cytotoxic T cells,Tcm/Naive helper T cells,0.5180509066659834
AAGCCTGACATGCA-1,16.711092,0.8033402,0,Regulatory T cells,Tcm/Naive helper T cells,0.997636816356187
AAGCCTGACCGAAT-1,-5.806256,0.2975627,3,Classical monocytes,Classical monocytes,0.9617565855488629
AAGCGACTCCTCAC-1,-3.5735786,-0.99039257,5,Non-classical monocytes,Non-classical monocytes,0.9701126043580505
AAGCGACTGTGTCA-1,19.305122,1.3449374,1,Tcm/Naive cytotoxic T cells,Tcm/Naive helper T cells,0.9632886140630179
AAGCGACTTACAGC-1,9.394289,15.324066,2,B cells,B cells,0.9873515350913814
AAGCGACTTTGACG-1,-3.3154342,-1.2732841,5,Non-classical monocytes,Non-classical monocytes,0.9986319794135623
AAGCGTACGTCTTT-1,18.914198,0.6705368,1,Tcm/Naive cytotoxic T cells,Tcm/Naive helper T cells,0.5198913214734245
AAGGCTTGCGAACT-1,15.972838,-1.7524354,4,Tem/Trm cytotoxic T cells,CD16+ NK cells,0.8711261869619685
AAGGTCACGGTTAC-1,-5.095329,1.4251153,3,Classical monocytes,Classical monocytes,0.9780063979688022
AAGGTCACTGTTTC-1,10.387441,15.22497,2,B cells,B cells,0.9561158718347235
AAGGTCACTTCCCG-1,16.010277,-0.4927409,4,MAIT cells,CD16+ NK cells,0.9856476947376334
AAGGTCTGACAGTC-1,15.587752,1.7839901,0,Tcm/Naive cytotoxic T cells,Tcm/Naive helper T cells,0.31621365827352516
AAGGTCTGCAGATC-1,19.622866,-0.23725215,1,Tcm/Naive helper T cells,Tcm/Naive helper T cells,0.6568051429499596
AAGGTCTGGTATGC-1,-5.9419594,0.65204483,3,Myelocytes,Classical monocytes,0.9402716017646373
AAGTAACTCTGAAC-1,-4.880832,0.1726381,3,Classical monocytes,Classical monocytes,0.8255798813387207
AAGTAACTGAGATA-1,10.7341585,15.644606,2,B cells,B cells,0.9259555081961875
AAGTAGGATACAGC-1,14.449507,-2.1871214,4,CD16+ NK cells,CD16+ NK cells,0.9897972599153478
AAGTATACCGAACT-1,18.387474,2.953514,0,Tcm/Naive helper T cells,Tcm/Naive helper T cells,0.9401663735434267
AAGTCCGACTTGTT-1,18.546064,0.6052616,1,Tcm/Naive helper T cells,Tcm/Naive helper T cells,0.6366186832618058
AAGTCCGATAGAAG-1,18.831627,2.3614852,0,Tcm/Naive cytotoxic T cells,Tcm/Naive helper T cells,0.9990747157880213
AAGTCTCTAGTCGT-1,18.702217,1.8692826,0,Tcm/Naive helper T cells,Tcm/Naive helper T cells,0.9863362451762141
AAGTCTCTCGGAGA-1,17.399567,-1.2430502,4,Trm cytotoxic T cells,CD16+ NK cells,0.2490962028812773
AAGTGGCTTGGAGG-1,9.828116,15.584042,2,B cells,B cells,0.9657939216381597
AAGTTCCTCATTCT-1,-3.6219862,-0.45340565,5,Non-classical monocytes,Non-classical monocytes,0.9291959284517777
AAGTTCCTTCTTAC-1,17.579813,1.4186082,0,Tcm/Naive cytotoxic T cells,Tcm/Naive helper T cells,0.9352654657701143
AATAAGCTCGAATC-1,16.148558,1.4722841,0,Tem/Effector helper T cells,Tcm/Naive helper T cells,0.41128924629189967
AATAAGCTCGTTGA-1,18.316422,1.3107551,0,Tcm/Naive helper T cells,Tcm/Naive helper T cells,0.994672949189853
AATACCCTGGACGA-1,9.564053,15.55172,2,B cells,B cells,0.9953912333595134
AATACCCTGGCATT-1,17.233118,1.75672,0,Tcm/Naive helper T cells,Tcm/Naive helper T cells,0.5657779022841755
AATACTGAAAGGGC-1,15.796135,-1.6091539,4,CD16+ NK cells,CD16+ NK cells,0.7904015435367887
AATACTGAATTGGC-1,14.813798,-2.4859617,4,CD16+ NK cells,CD16+ NK cells,0.9991233744713411
AATAGGGAACCCTC-1,10.412713,14.536048,2,B cells,B cells,0.9933904170182055
AATAGGGAGAATGA-1,16.230001,-1.5707092,4,Tem/Trm cytotoxic T cells,CD16+ NK cells,0.1703482984445311
AATCAAACTATCGG-1,16.741766,-1.4450272,4,Tcm/Naive cytotoxic T cells,CD16+ NK cells,0.17801625778502755
AATCCGGAATGCTG-1,10.655048,13.640006,2,B cells,B cells,0.9924622070273161
AATCCTACCGGTAT-1,16.85999,1.6536644,0,Tcm/Naive helper T cells,Tcm/Naive helper T cells,0.9717760819665757
AATCCTTGACGGGA-1,-4.050002,0.23579526,3,Classical monocytes,Classical monocytes,0.7499789373994135
AATCCTTGGTGAGG-1,14.655802,-3.4443855,4,CD16+ NK cells,CD16+ NK cells,0.9999781515567158
AATCGGTGGAACTC-1,15.521346,-1.2364414,4,Tem/Temra cytotoxic T cells,CD16+ NK cells,0.38221760221734785
AATCGGTGTGCTTT-1,18.665129,2.4763715,0,Tcm/Naive cytotoxic T cells,Tcm/Naive helper T cells,0.5410962396112226
AATCTAGAAAAGTG-1,16.838669,0.93516445,0,Tem/Effector helper T cells,Tcm/Naive helper T cells,0.3262257023086301
AATCTAGAATCGGT-1,17.361353,1.0329138,0,Tcm/Naive cytotoxic T cells,Tcm/Naive helper T cells,0.999335543627615
AATCTCACAGCCTA-1,-2.7838998,1.1043051,3,Classical monocytes,Classical monocytes,0.9598417747761183
AATCTCACTCTAGG-1,18.647768,0.88970155,1,Tcm/Naive helper T cells,Tcm/Naive helper T cells,0.8990290413190959
AATCTCTGAACAGA-1,19.406006,0.8403014,1,Tcm/Naive helper T cells,Tcm/Naive helper T cells,0.8350089934138075
AATCTCTGCTTTAC-1,14.47483,-3.0130258,4,CD16+ NK cells,CD16+ NK cells,0.9990516992143184
AATGATACACCAAC-1,16.15242,-2.635615,4,NK cells,CD16+ NK cells,0.36018335316276184
AATGATACGGTCAT-1,-2.7954204,0.5750593,3,Classical monocytes,Classical monocytes,0.7833214918974921
AATGCGTGACACCA-1,9.395734,14.221991,2,B cells,B cells,0.9700422544578307
AATGCGTGGACGGA-1,-1.6635741,2.3086767,6,DC3,DC,0.41355152989806987
AATGCGTGGCTATG-1,10.097223,14.336419,2,B cells,B cells,0.9899287857956328
AATGGAGAATCGTG-1,-4.6505575,2.032014,3,Classical monocytes,Classical monocytes,0.9967257139294162
AATGGAGATCCTTA-1,16.574299,-0.6282686,4,Tem/Trm cytotoxic T cells,CD16+ NK cells,0.6207314382082104
AATGGCTGACACCA-1,9.353492,14.038796,2,B cells,B cells,0.9999129314568198
AATGGCTGCGTGAT-1,16.647053,0.5616972,0,Tcm/Naive helper T cells,Tcm/Naive helper T cells,0.8268329187465581
AATGGCTGTAAAGG-1,17.513308,-0.056966078,4,MAIT cells,CD16+ NK cells,0.4924331777784368
AATGGCTGTACTCT-1,16.90471,-1.5054865,4,Tem/Trm cytotoxic T cells,CD16+ NK cells,0.968114672617502
AATGGCTGTGAAGA-1,18.378338,2.2420197,0,Tcm/Naive helper T cells,Tcm/Naive helper T cells,0.9739431951809673
AATGTAACGGTGGA-1,17.609476,1.7386876,0,Tcm/Naive helper T cells,Tcm/Naive helper T cells,0.9945031040909952
AATGTAACGTTTGG-1,17.279665,-0.49312982,4,Regulatory T cells,CD16+ NK cells,0.15651552832327378
AATGTCCTCTTCTA-1,16.839895,0.31081638,0,Tcm/Naive helper T cells,Tcm/Naive helper T cells,0.22541416736691663
AATGTTGACAGTCA-1,17.39086,2.749511,0,Tcm/Naive helper T cells,Tcm/Naive helper T cells,0.9479186217099288
AATGTTGAGTTGAC-1,-3.9445605,1.7898053,3,Classical monocytes,Classical monocytes,0.9535446902956651
AATGTTGATCTACT-1,16.524866,2.5842488,0,Regulatory T cells,Tcm/Naive helper T cells,0.7544932806854125
AATTACGAATTCCT-1,-1.7223252,2.361205,6,DC2,DC,0.48167066430529015
AATTACGACTTCTA-1,18.675932,3.2308269,0,Tcm/Naive helper T cells,Tcm/Naive helper T cells,0.9439028711261701
AATTACGAGTAGCT-1,16.222958,-0.5837901,4,MAIT cells,CD16+ NK cells,0.9963836058699065
AATTACGAGTGAGG-1,15.807824,2.0930634,0,Tcm/Naive helper T cells,Tcm/Naive helper T cells,0.5372702383837201
AATTACGATTGGCA-1,9.078089,15.481096,2,B cells,B cells,0.9783964944077377
AATTCCTGCTCAGA-1,9.0732,14.783978,2,B cells,B cells,0.9184088067306705
AATTGATGTCGCAA-1,-3.2324243,-2.4267883,5,Non-classical monocytes,Non-classical monocytes,0.9996459320304554
AATTGTGACTTGGA-1,10.373558,15.675833,2,B cells,B cells,0.9980751418419573
ACAAAGGAGGGTGA-1,19.178051,0.7225106,1,Tcm/Naive helper T cells,Tcm/Naive helper T cells,0.4024856481421264
ACAAATTGATTCTC-1,-3.284561,-1.6627567,5,Non-classical monocytes,Non-classical monocytes,0.9843140806054926
ACAAATTGCTCAGA-1,-5.4188147,1.3174862,3,Classical monocytes,Classical monocytes,0.9249974091275464
ACAAATTGTTGCGA-1,14.000513,-2.161386,4,CD16+ NK cells,CD16+ NK cells,0.9991633094345825
ACAACCGAGGGATG-1,14.278385,-1.4035515,4,CD16+ NK cells,CD16+ NK cells,0.9974391194529664
ACAACCGAGTTACG-1,16.634062,1.4247686,0,Tcm/Naive helper T cells,Tcm/Naive helper T cells,0.4374385180515186
ACAAGAGAAGTCGT-1,-2.902032,0.2712597,3,Classical monocytes,Classical monocytes,0.8027666231312542
ACAAGAGACTTATC-1,19.016754,-0.42311403,1,Tcm/Naive cytotoxic T cells,Tcm/Naive helper T cells,0.3205379117980977
ACAAGAGAGTTGAC-1,8.824004,14.924384,2,B cells,B cells,0.9999327760693704
ACAATCCTAACCGT-1,16.832012,1.1892152,0,Tcm/Naive helper T cells,Tcm/Naive helper T cells,0.6349295991856672
ACAATCCTTAGCGT-1,9.0788,14.62471,2,B cells,B cells,0.9940402481919579
ACAATTGACTGACA-1,16.378119,-1.0799888,4,NK cells,CD16+ NK cells,0.6208872934695363
ACAATTGATGACTG-1,14.450039,-2.048385,4,CD16+ NK cells,CD16+ NK cells,0.9996118445341446
ACACAGACACCTGA-1,-5.4090867,1.5843331,3,Classical monocytes,Classical monocytes,0.9986728275252172
ACACAGACCATACG-1,17.020721,-1.4214424,4,Tem/Trm cytotoxic T cells,CD16+ NK cells,0.73880311505459
ACACCAGAGGGCAA-1,17.281147,-0.010835899,0,Tem/Trm cytotoxic T cells,Tcm/Naive helper T cells,0.9998676574373135
ACACCCTGGTGTTG-1,14.372654,-2.5868087,4,CD16+ NK cells,CD16+ NK cells,0.9999407555209898
ACACGAACAGTTCG-1,18.417385,0.666908,0,Tcm/Naive helper T cells,Tcm/Naive helper T cells,0.7203600735516357
ACACGATGACGCAT-1,15.595255,-0.8007849,4,MAIT cells,CD16+ NK cells,0.9681575593955841
ACACGATGATGTGC-1,-4.160281,-0.23952295,3,Non-classical monocytes,Classical monocytes,0.9379908903623558
ACACGATGTCGTAG-1,15.801606,-0.41030142,4,Tem/Trm cytotoxic T cells,CD16+ NK cells,0.9877702278760346
ACACGATGTGGTCA-1,16.173925,-1.0211062,4,Tem/Trm cytotoxic T cells,CD16+ NK cells,0.8013980016512242
ACAGACACGGCATT-1,16.8201,0.46961403,0,Tem/Trm cytotoxic T cells,Tcm/Naive helper T cells,0.12402962602918399
ACAGACACGTTGTG-1,18.560768,1.0489693,0,Tcm/Naive helper T cells,Tcm/Naive helper T cells,0.8544772781496512
ACAGCAACACCTAG-1,-5.4370894,-0.31637263,3,Classical monocytes,Classical monocytes,0.7265743065983246
ACAGCAACCTCAAG-1,-2.6596003,-1.9589003,5,Non-classical monocytes,Non-classical monocytes,0.9999185631417046
ACAGGTACCCCACT-1,18.252151,3.3084977,0,Tcm/Naive helper T cells,Tcm/Naive helper T cells,0.9666711908713681
ACAGGTACGCTGTA-1,16.472427,-0.92539364,4,MAIT cells,CD16+ NK cells,0.9783560785886157
ACAGGTACTGGTGT-1,14.28704,-3.356576,4,CD16+ NK cells,CD16+ NK cells,0.9999944182896058
ACAGTCGACCCAAA-1,18.011173,-0.6808813,4,Tcm/Naive cytotoxic T cells,CD16+ NK cells,0.7199167648939432
ACAGTCGACCGATA-1,15.906802,-1.3098123,4,Tem/Trm cytotoxic T cells,CD16+ NK cells,0.9764749340261366
ACAGTGACTCACCC-1,16.225569,-0.015764223,4,Tem/Trm cytotoxic T cells,CD16+ NK cells,0.9250847794016632
ACAGTGACTCTATC-1,16.223743,-0.3757752,4,MAIT cells,CD16+ NK cells,0.9716741799147242
ACAGTGTGGTCACA-1,19.866346,0.35153463,1,Tcm/Naive helper T cells,Tcm/Naive helper T cells,0.9974045435417739
ACAGTGTGTTGCGA-1,-4.169138,1.6252564,3,Classical monocytes,Classical monocytes,0.9912138537080065
ACATCACTCTACTT-1,-3.2437615,1.5226444,3,Non-classical monocytes,Classical monocytes,0.8997372327246761
ACATGGTGAAGCCT-1,18.533047,1.6158305,0,Tcm/Naive cytotoxic T cells,Tcm/Naive helper T cells,0.5055520487681199
ACATGGTGCAACCA-1,10.271125,14.16264,2,B cells,B cells,0.964126717517063
ACATGGTGCGAGTT-1,17.996777,2.3033764,0,Tcm/Naive helper T cells,Tcm/Naive helper T cells,0.9478963521303218
ACATGGTGCGTTGA-1,17.15718,-1.2809592,4,MAIT cells,CD16+ NK cells,0.784625303207647
ACATTCTGGCATAC-1,17.738188,2.7117941,0,Tcm/Naive helper T cells,Tcm/Naive helper T cells,0.9970689831662141
ACATTCTGGGAACG-1,-4.18364,1.5177119,3,Classical monocytes,Classical monocytes,0.9775466579707984
ACCAACGACATGCA-1,18.605394,0.43025064,1,Tcm/Naive cytotoxic T cells,Tcm/Naive helper T cells,0.4888670289381387
ACCACAGAAAGTAG-1,19.116226,-0.0070593227,1,Tcm/Naive helper T cells,Tcm/Naive helper T cells,0.9530249004317057
ACCACAGAGTTGGT-1,18.240833,1.1044557,0,Tcm/Naive helper T cells,Tcm/Naive helper T cells,0.9871347223872791
ACCACCTGTGTGCA-1,18.363811,0.403602,0,Tcm/Naive helper T cells,Tcm/Naive helper T cells,0.983444411775082
ACCACGCTACAGCT-1,18.08377,3.2677498,0,Tcm/Naive helper T cells,Tcm/Naive helper T cells,0.8019612189097206
ACCACGCTACCCAA-1,16.57612,-0.98135746,4,Tem/Trm cytotoxic T cells,CD16+ NK cells,0.942038350018952
ACCACGCTGCGAGA-1,19.127064,2.3538127,1,Tem/Effector helper T cells,Tcm/Naive helper T cells,0.3806531461613291
ACCACGCTGCTGTA-1,17.7851,0.78925705,1,Tcm/Naive cytotoxic T cells,Tcm/Naive helper T cells,0.333497985792029
ACCAGCCTGACAGG-1,16.77319,3.043851,0,Tcm/Naive helper T cells,Tcm/Naive helper T cells,0.7448291828057533
ACCAGTGAACGGTT-1,8.971607,15.449684,2,B cells,B cells,0.9838186952936723
ACCAGTGAATACCG-1,-2.791963,-1.3233505,5,Non-classical monocytes,Non-classical monocytes,0.9835936276723369
ACCAGTGAGGGATG-1,18.596148,1.787636,1,Tcm/Naive cytotoxic T cells,Tcm/Naive helper T cells,0.9999585094371626
ACCAGTGATGACTG-1,-5.578932,1.5190828,3,Classical monocytes,Classical monocytes,0.7863662543021579
ACCATTACCTTCTA-1,16.175692,3.202741,0,Tcm/Naive helper T cells,Tcm/Naive helper T cells,0.7598991686092677
ACCATTACGAGATA-1,15.505473,2.4789312,0,Regulatory T cells,Tcm/Naive helper T cells,0.9971344185964813
ACCATTTGTCATTC-1,17.835081,0.6678132,0,Tcm/Naive helper T cells,Tcm/Naive helper T cells,0.5203766835851141
ACCCAAGAACTGTG-1,15.844179,-1.9533309,4,Tem/Trm cytotoxic T cells,CD16+ NK cells,0.143358390898212
ACCCAAGAATTCCT-1,-2.8779526,-2.0523658,5,Non-classical monocytes,Non-classical monocytes,0.9970834873760432
ACCCAAGAGGACAG-1,18.222525,3.0742116,0,Tem/Effector helper T cells,Tcm/Naive helper T cells,0.9720820312805348
ACCCAAGATTCACT-1,9.902539,14.357492,2,B cells,B cells,0.9937995882581665
ACCCACTGCGCCTT-1,-4.908072,0.3568178,3,Non-classical monocytes,Classical monocytes,0.9381587649093486
ACCCACTGGACAGG-1,19.986986,-0.061853133,1,Tcm/Naive cytotoxic T cells,Tcm/Naive helper T cells,0.9753015085438489
ACCCACTGGTTCAG-1,-0.5534129,-0.8184699,7,Megakaryocytes/platelets,Megakaryocytes/platelets,0.9824915082799903
ACCCACTGTCGTAG-1,-2.9231923,1.7680563,3,Classical monocytes,Classical monocytes,0.9868783210910105
ACCCAGCTCAGAAA-1,17.409424,1.4164561,0,Tcm/Naive helper T cells,Tcm/Naive helper T cells,0.8838297577667301
ACCCAGCTGTTAGC-1,-3.5244136,1.588473,3,Classical monocytes,Classical monocytes,0.9660648596965943
ACCCAGCTTGCTTT-1,16.529125,3.0025823,0,Tcm/Naive helper T cells,Tcm/Naive helper T cells,0.9826692473618157
ACCCGTTGATGACC-1,10.155678,15.876095,2,B cells,B cells,0.9878934008596376
ACCCGTTGCTGCAA-1,18.93516,2.5342426,0,Tcm/Naive helper T cells,Tcm/Naive helper T cells,0.6167157635304078
ACCCGTTGCTTCTA-1,-0.67479783,2.9468875,6,pDC,DC,0.9975291468528034
ACCCTCGACCTATT-1,17.18129,-0.021400776,0,Regulatory T cells,Tcm/Naive helper T cells,0.5647399823990876
ACCCTCGACGGTAT-1,10.271937,15.354759,2,B cells,B cells,0.9033605449150015
ACCCTCGATAAGGA-1,-3.420236,-0.24872772,3,Classical monocytes,Classical monocytes,0.9463441982007103
ACCCTCGATCAAGC-1,-5.190896,-0.4753192,3,Non-classical monocytes,Classical monocytes,0.792345690483715
ACCGTGCTACCAGT-1,17.624456,3.250228,0,Tem/Effector helper T cells,Tcm/Naive helper T cells,0.7349036728111973
ACCGTGCTGGAACG-1,10.88304,14.327446,2,B cells,B cells,0.9980163007293592
ACCTATTGCTGAGT-1,9.287108,15.137881,2,B cells,B cells,0.9974451039198566
ACCTATTGTGCCCT-1,-3.557211,-1.9523631,5,Non-classical monocytes,Non-classical monocytes,0.998827559379626
ACCTCCGAGTCCTC-1,16.026579,1.3223519,0,Tem/Effector helper T cells,Tcm/Naive helper T cells,0.3719471678778807
ACCTCCGATATGCG-1,17.727919,2.1734312,0,Tem/Effector helper T cells,Tcm/Naive helper T cells,0.4243443735114131
ACCTCCGATGCTGA-1,17.960564,0.106221125,0,Tcm/Naive helper T cells,Tcm/Naive helper T cells,0.8154829908796039
ACCTCGTGAACCAC-1,17.578259,-0.97930396,4,MAIT cells,CD16+ NK cells,0.9096752932157027
ACCTGAGATATCGG-1,-1.6054708,-0.63331604,7,Classical monocytes,Megakaryocytes/platelets,0.9571009223287614
ACCTGGCTAAGTAG-1,14.359523,-2.8783593,4,CD16+ NK cells,CD16+ NK cells,0.9999892667987665
ACCTGGCTGTCTTT-1,-5.693708,-0.07149679,3,Non-classical monocytes,Classical monocytes,0.7860287891236108
ACCTTTGACTCCCA-1,-2.6945536,0.3734579,3,Classical monocytes,Classical monocytes,0.989880910763193
ACCTTTGAGGAACG-1,-2.7814581,0.6919988,3,Classical monocytes,Classical monocytes,0.8085443219411599
ACCTTTGAGGAAGC-1,-3.138932,-0.91388005,5,Non-classical monocytes,Non-classical monocytes,0.783346938910359
ACGAACACCTTGTT-1,15.694492,-1.2826414,4,Tem/Temra cytotoxic T cells,CD16+ NK cells,0.6035241259347598
ACGAACTGGCTATG-1,-0.66857725,-0.7919221,7,Non-classical monocytes,Megakaryocytes/platelets,0.9977197623044167
ACGAAGCTCTCCAC-1,20.04852,0.15515305,1,Tcm/Naive cytotoxic T cells,Tcm/Naive helper T cells,0.97591965383271
ACGAAGCTCTGAGT-1,10.492852,13.491645,2,B cells,B cells,0.9994219008095697
ACGACCCTATCTCT-1,-2.5020893,-1.5663551,5,Non-classical monocytes,Non-classical monocytes,0.7428053379679331
ACGACCCTGATGAA-1,17.93542,-0.4659703,4,Tcm/Naive cytotoxic T cells,CD16+ NK cells,0.46127076220922664
ACGACCCTTGACAC-1,10.801495,14.827324,2,B cells,B cells,0.9825570633894245
ACGACCCTTGACCA-1,19.519579,1.1844394,1,Tcm/Naive helper T cells,Tcm/Naive helper T cells,0.9805690122583612
ACGAGGGACAGGAG-1,-1.1652886,2.8758314,6,DC2,DC,0.7907943968763214
ACGAGGGACGAACT-1,18.61111,3.1034026,0,Tcm/Naive helper T cells,Tcm/Naive helper T cells,0.5893116801540804
ACGAGGGATGTAGC-1,16.06261,0.070907906,4,Tem/Effector helper T cells,CD16+ NK cells,0.5023986929628873
ACGAGTACCCTAAG-1,9.113872,14.458451,2,B cells,B cells,0.9988139904292479
ACGAGTACGAATCC-1,10.738623,14.52013,2,B cells,B cells,0.7481288867495286
ACGATCGAGGACTT-1,14.299027,-0.8402131,4,NK cells,CD16+ NK cells,0.9311359941538108
ACGATCGAGTCACA-1,-3.5958838,1.8038661,3,Classical monocytes,Classical monocytes,0.9997625402379525
ACGATGACAATGCC-1,15.89242,2.4385502,0,Tcm/Naive helper T cells,Tcm/Naive helper T cells,0.7622591826331638
ACGATGACTGGTCA-1,15.629448,0.8357502,0,Tcm/Naive helper T cells,Tcm/Naive helper T cells,0.33334264140390835
ACGATTCTACGGGA-1,17.785511,-0.6363944,4,Tem/Trm cytotoxic T cells,CD16+ NK cells,0.9927000877349511
ACGCAATGGTTCAG-1,14.990855,-1.8315761,4,CD16+ NK cells,CD16+ NK cells,0.9557586389246848
ACGCACCTGTTAGC-1,10.305122,15.426774,2,B cells,B cells,0.9452686480350676
ACGCCACTGAACTC-1,-5.854525,-0.3099561,3,Classical monocytes,Classical monocytes,0.8405864021580894
ACGCCGGAAACCAC-1,-4.059913,0.7592783,3,Classical monocytes,Classical monocytes,0.9842229333263939
ACGCCGGAAAGCCT-1,18.202019,0.69026816,1,Tcm/Naive helper T cells,Tcm/Naive helper T cells,0.7740017753598558
ACGCCGGAAATGCC-1,18.442225,1.3976194,0,Tcm/Naive helper T cells,Tcm/Naive helper T cells,0.23927822955947156
ACGCCTTGCTCCCA-1,-3.2226799,-2.0631306,5,Non-classical monocytes,Non-classical monocytes,0.9315917311151617
ACGCGGTGGCGAGA-1,17.084763,2.8908608,0,Tcm/Naive helper T cells,Tcm/Naive helper T cells,0.5719785074928633
ACGCGGTGTGTGGT-1,10.517823,14.047516,2,B cells,B cells,0.935943828273295
ACGCGGTGTTTGCT-1,15.369757,-2.2505224,4,CD16+ NK cells,CD16+ NK cells,0.47089857885507036
ACGCTCACAGTACC-1,18.077524,2.077361,0,Tcm/Naive helper T cells,Tcm/Naive helper T cells,0.9950503790079007
ACGCTCACCCTTGC-1,18.945677,1.3677603,1,Tcm/Naive helper T cells,Tcm/Naive helper T cells,0.9370003710920354
ACGCTGCTGTTCTT-1,14.854954,-2.402715,4,CD16+ NK cells,CD16+ NK cells,0.9686593817366846
ACGGAACTCAGATC-1,14.343796,-1.9274333,4,CD16+ NK cells,CD16+ NK cells,0.9963973102976895
ACGGAACTGTCGTA-1,-3.8330438,-1.3745961,5,Non-classical monocytes,Non-classical monocytes,0.9979859244218546
ACGGAGGACTCTTA-1,-4.115481,0.341248,3,Classical monocytes,Classical monocytes,0.893322772017671
ACGGATTGGGAGGT-1,9.757379,15.308251,2,B cells,B cells,0.9881848287013816
ACGGATTGGTTAGC-1,17.679287,2.8379164,0,Tcm/Naive helper T cells,Tcm/Naive helper T cells,0.9505698127135281
ACGGCTCTGAGCAG-1,15.765349,1.7723726,0,Tem/Effector helper T cells,Tcm/Naive helper T cells,0.7505574071514518
ACGGCTCTTGCACA-1,18.984636,2.8471904,0,Tcm/Naive helper T cells,Tcm/Naive helper T cells,0.7620682117437164
ACGGTAACCGCTAA-1,16.466524,1.6711749,0,Treg(diff),Tcm/Naive helper T cells,0.6020416684927061
ACGGTAACCTTCGC-1,15.524292,-1.3332026,4,NK cells,CD16+ NK cells,0.6723524196850755
ACGGTAACGGTGGA-1,20.051315,0.21120505,1,Tcm/Naive helper T cells,Tcm/Naive helper T cells,0.9988411991196103
ACGGTAACTCGCAA-1,17.604548,-1.233872,4,Tem/Trm cytotoxic T cells,CD16+ NK cells,0.5173641237823375
ACGGTATGAGTCGT-1,-4.7358465,1.8871392,3,Classical monocytes,Classical monocytes,0.8496737910549829
ACGGTATGGGTATC-1,8.94982,14.680927,2,B cells,B cells,0.9973033506565224
ACGGTATGGTTGTG-1,10.360012,15.162307,2,B cells,B cells,0.9891430871625027
ACGGTCCTAACGGG-1,15.98108,2.615359,0,Tem/Effector helper T cells,Tcm/Naive helper T cells,0.10499609970852188
ACGGTCCTCGGGAA-1,17.67506,0.5009475,0,Tem/Effector helper T cells,Tcm/Naive helper T cells,0.5127318916256148
ACGTAGACAACCAC-1,16.240398,1.119147,0,Tcm/Naive helper T cells,Tcm/Naive helper T cells,0.3086003659364174
ACGTAGACTACAGC-1,9.442771,14.473904,2,B cells,B cells,0.9995797563304566
ACGTCAGAAACGAA-1,16.222986,1.5426899,0,Tem/Effector helper T cells,Tcm/Naive helper T cells,0.9283723916024988
ACGTCAGAGAGCTT-1,-3.1541328,0.12439601,3,Non-classical monocytes,Classical monocytes,0.7771013156587943
ACGTCAGAGGGATG-1,16.9218,0.8734448,0,Regulatory T cells,Tcm/Naive helper T cells,0.8179678268940059
ACGTCCTGATAAGG-1,-4.8387938,1.8239189,3,Classical monocytes,Classical monocytes,0.9907984886116143
ACGTCCTGTGAACC-1,-2.7577655,-0.32105798,3,Non-classical monocytes,Classical monocytes,0.7574459808475642
ACGTCGCTCCTGAA-1,13.64419,2.4611535,8,NK cells,Tem/Trm cytotoxic T cells,0.7747262611893546
ACGTCGCTCTATTC-1,-4.9626994,0.31417662,3,DC,Classical monocytes,0.9404912580364906
ACGTCGCTTCTCAT-1,10.304808,15.022677,2,B cells,B cells,0.9225340598055154
ACGTGATGCCATGA-1,-1.5386413,2.6276333,6,DC,DC,0.7502811710627412
ACGTGATGGGTCTA-1,18.535557,1.2160963,0,Tcm/Naive cytotoxic T cells,Tcm/Naive helper T cells,0.950867481337736
ACGTGATGTAACCG-1,-3.9667046,-1.5858614,5,Non-classical monocytes,Non-classical monocytes,0.987002277920021
ACGTGATGTGACAC-1,14.082689,-2.3251576,4,CD16+ NK cells,CD16+ NK cells,0.9996626933446155
ACGTGCCTCCGTAA-1,16.418219,1.9141418,0,Regulatory T cells,Tcm/Naive helper T cells,0.9966197591257742
ACGTGCCTTCTATC-1,17.152544,-1.8491943,4,NK cells,CD16+ NK cells,0.5853077732779454
ACGTTACTTTCCAT-1,18.088182,1.8187236,1,Tcm/Naive helper T cells,Tcm/Naive helper T cells,0.9917046719201553
ACGTTGGAAAAGCA-1,19.207924,0.23585744,1,Tcm/Naive cytotoxic T cells,Tcm/Naive helper T cells,0.976716448138006
ACGTTGGAAACCTG-1,16.154879,-1.5626088,4,Tem/Temra cytotoxic T cells,CD16+ NK cells,0.08002788175918485
ACGTTGGACCGTAA-1,-5.3131356,0.60393196,3,Classical monocytes,Classical monocytes,0.9966924843273057
ACGTTGGAGCCAAT-1,14.485765,-2.5206876,4,CD16+ NK cells,CD16+ NK cells,0.9998926855374269
ACGTTGGATATGGC-1,10.078839,16.066528,2,B cells,B cells,0.9744131247662251
ACGTTGGATCAGGT-1,-2.7409794,-0.27480033,3,Non-classical monocytes,Classical monocytes,0.9798258544790585
ACGTTTACATCAGC-1,19.423758,1.3991584,1,Tcm/Naive cytotoxic T cells,Tcm/Naive helper T cells,0.82378999460532
ACTAAAACCCACAA-1,18.162697,1.3534068,1,Tem/Trm cytotoxic T cells,Tcm/Naive helper T cells,0.933534036077025
ACTAAAACTCGACA-1,-4.4177794,0.9254511,3,Classical monocytes,Classical monocytes,0.9549221915312596
ACTACGGAATTTCC-1,15.94975,2.325233,0,Tem/Effector helper T cells,Tcm/Naive helper T cells,0.887925696270416
ACTACGGACCTATT-1,18.34911,1.0581493,0,Tcm/Naive helper T cells,Tcm/Naive helper T cells,0.9774212073203375
ACTACGGATCGCTC-1,17.48602,3.0908792,0,Tcm/Naive helper T cells,Tcm/Naive helper T cells,0.8809462491942601
ACTACTACTAAGGA-1,17.854788,1.1183583,0,Tcm/Naive cytotoxic T cells,Tcm/Naive helper T cells,0.9932482407843986
ACTAGGTGGAACCT-1,15.659931,1.108645,0,Tem/Effector helper T cells,Tcm/Naive helper T cells,0.2603956305410742
ACTAGGTGGAACTC-1,16.315077,0.99092317,0,Tcm/Naive helper T cells,Tcm/Naive helper T cells,0.9550853498080727
ACTATCACCTTGGA-1,15.55075,-0.6378304,4,Tem/Trm cytotoxic T cells,CD16+ NK cells,0.8395899423235207
ACTATCACTGCCAA-1,19.64829,2.4557297,0,Tcm/Naive helper T cells,Tcm/Naive helper T cells,0.9913568626782617
ACTCAGGACTGAAC-1,17.260355,2.6974719,0,Tcm/Naive helper T cells,Tcm/Naive helper T cells,0.9891200373369089
ACTCAGGATCTATC-1,8.851384,14.80511,2,B cells,B cells,0.999529805356074
ACTCAGGATTCGTT-1,-5.463251,1.0988643,3,Classical monocytes,Classical monocytes,0.8095007362536596
ACTCCTCTCAACTG-1,15.833837,2.5846703,0,Tem/Effector helper T cells,Tcm/Naive helper T cells,0.8631695932891494
ACTCGCACGAAAGT-1,-4.407238,0.98265135,3,Classical monocytes,Classical monocytes,0.9899079653697218
ACTCGCACTACGAC-1,-4.3394136,0.8346266,3,Classical monocytes,Classical monocytes,0.998557702164096
ACTCTCCTGACACT-1,19.51545,0.2775058,1,Tcm/Naive helper T cells,Tcm/Naive helper T cells,0.821120490968644
ACTCTCCTGCATAC-1,18.102125,2.7210326,0,MEMP,Tcm/Naive helper T cells,0.27705323969635887
ACTCTCCTGTTTGG-1,18.755709,1.2390534,0,Tcm/Naive helper T cells,Tcm/Naive helper T cells,0.9932396211260341
ACTGAGACAACCAC-1,16.53295,-1.0723296,4,MAIT cells,CD16+ NK cells,0.7078457942257718
ACTGAGACCCATAG-1,-3.3365076,-1.6412815,5,Non-classical monocytes,Non-classical monocytes,0.9965370823101647
ACTGAGACGTTGGT-1,10.511055,14.559908,2,B cells,B cells,0.8149848908421957
ACTGCCACACACGT-1,15.97236,2.8175323,0,Tem/Trm cytotoxic T cells,Tcm/Naive helper T cells,0.779240157194068
ACTGCCACTCCGTC-1,14.157111,-2.4010906,4,CD16+ NK cells,CD16+ NK cells,0.9954979775472694
ACTGGCCTTCAGTG-1,14.60369,-2.890619,4,CD16+ NK cells,CD16+ NK cells,0.9994459903965588
ACTGTGGACGTGTA-1,16.924099,-1.4307519,4,Tem/Temra cytotoxic T cells,CD16+ NK cells,0.8923555185653812
ACTGTGGATCTAGG-1,9.504089,14.200608,2,B cells,B cells,0.9806865903574035
ACTGTTACCCACAA-1,-5.487106,0.81438804,3,Classical monocytes,Classical monocytes,0.8973225534533494
ACTGTTACTGCAGT-1,19.574158,1.2923294,1,Tcm/Naive cytotoxic T cells,Tcm/Naive helper T cells,0.8013595121361065
ACTTAAGAACCACA-1,19.92216,1.7412088,1,Tcm/Naive cytotoxic T cells,Tcm/Naive helper T cells,0.9380489205092852
ACTTAAGACCACAA-1,17.823809,-0.0027070346,0,Tcm/Naive helper T cells,Tcm/Naive helper T cells,0.18964464607443218
ACTTAAGATTACTC-1,-1.7523978,2.5595543,6,DC,DC,0.32724391314089574
ACTTAGCTGCGTAT-1,-2.877672,-1.8245816,5,Non-classical monocytes,Non-classical monocytes,0.9907384697880021
ACTTAGCTGGGAGT-1,16.961588,1.8413019,0,Tcm/Naive helper T cells,Tcm/Naive helper T cells,0.9829663305737002
ACTTCAACAAGCAA-1,14.584399,2.2022362,8,Tem/Trm cytotoxic T cells,Tem/Trm cytotoxic T cells,0.9052556628828912
ACTTCAACGTAGGG-1,14.673757,-2.736117,4,CD16+ NK cells,CD16+ NK cells,0.9981923690504961
ACTTCCCTTTCCGC-1,19.648163,1.9789703,1,Tcm/Naive helper T cells,Tcm/Naive helper T cells,0.8530726345212002
ACTTCTGACATGCA-1,10.263752,14.92997,2,B cells,B cells,0.6270523735467751
ACTTGACTCCACAA-1,9.941643,14.743249,2,B cells,B cells,0.9984026685598977
ACTTGGGAGAAAGT-1,-3.749994,1.0099615,3,Classical monocytes,Classical monocytes,0.9874736321137558
ACTTGGGAGGTTTG-1,15.868216,0.96829504,0,Regulatory T cells,Tcm/Naive helper T cells,0.8040705699733638
ACTTGGGATGTGAC-1,-5.282039,-0.57903415,3,Non-classical monocytes,Classical monocytes,0.9881570615922224
ACTTGGGATTGACG-1,-2.94193,0.5099465,3,Classical monocytes,Classical monocytes,0.8013439629330095
ACTTGTACCCGAAT-1,18.550707,2.3069565,0,Tcm/Naive cytotoxic T cells,Tcm/Naive helper T cells,0.7459639581188635
ACTTGTACCTGTCC-1,19.399206,0.6886268,1,Tcm/Naive helper T cells,Tcm/Naive helper T cells,0.9884754278850472
ACTTTGTGCGATAC-1,19.508457,-0.60286933,1,Tcm/Naive helper T cells,Tcm/Naive helper T cells,0.5954385698350125
ACTTTGTGGAAAGT-1,19.855742,1.0000924,1,Tcm/Naive helper T cells,Tcm/Naive helper T cells,0.759400076847052
ACTTTGTGGATAGA-1,-3.3551645,0.4703677,3,Non-classical monocytes,Classical monocytes,0.40505203726452826
AGAAACGAAAGTAG-1,9.338246,16.072758,2,B cells,B cells,0.8604885323134678
AGAAAGTGCGCAAT-1,17.415031,1.1028783,0,Tcm/Naive helper T cells,Tcm/Naive helper T cells,0.6662736056014693
AGAAAGTGGGGATG-1,-5.1511445,0.65247846,3,Classical monocytes,Classical monocytes,0.9819872606901191
AGAACAGAAATGCC-1,14.4924965,-2.0404432,4,CD16+ NK cells,CD16+ NK cells,0.9986928192409675
AGAACAGACGACTA-1,9.391536,15.668373,2,B cells,B cells,0.9349847933451717
AGAACAGAGACAAA-1,16.265142,3.0654082,0,Tem/Effector helper T cells,Tcm/Naive helper T cells,0.9849145185493693
AGAACGCTTTGCTT-1,18.30966,0.56267136,0,Tcm/Naive helper T cells,Tcm/Naive helper T cells,0.9804674120374941
AGAAGATGTGACTG-1,15.729413,1.8558185,0,Tem/Effector helper T cells,Tcm/Naive helper T cells,0.724113974917033
AGAATGGAAGAAGT-1,16.65546,-1.4117392,4,Regulatory T cells,CD16+ NK cells,0.30953680373041176
AGAATTTGTAACCG-1,16.734861,2.6602182,0,Tcm/Naive helper T cells,Tcm/Naive helper T cells,0.9047364453675298
AGAATTTGTAGAGA-1,19.72324,0.9409176,1,Tcm/Naive helper T cells,Tcm/Naive helper T cells,0.9899793342905605
AGACACACTGTAGC-1,19.242865,2.3058546,0,Tcm/Naive cytotoxic T cells,Tcm/Naive helper T cells,0.9870424315916615
AGACACTGTCAAGC-1,-4.6288314,1.6280495,3,Classical monocytes,Classical monocytes,0.9746818364873129
AGACCTGAAGTAGA-1,-3.091466,1.1771456,3,Classical monocytes,Classical monocytes,0.9993993534541146
AGACCTGACCAACA-1,18.451607,2.3018806,0,Tcm/Naive helper T cells,Tcm/Naive helper T cells,0.7186854630111719
AGACCTGAGGAAGC-1,16.276772,-0.82458675,4,MAIT cells,CD16+ NK cells,0.9825639567608798
AGACGTACAGAGGC-1,17.41298,1.3463416,0,Tcm/Naive helper T cells,Tcm/Naive helper T cells,0.7564957310976669
AGACGTACCCCTAC-1,10.107076,15.722821,2,B cells,B cells,0.9988314826106296
AGACGTACCTCTTA-1,-3.3123796,1.6106237,3,CD16- NK cells,Classical monocytes,0.24922754586108276
AGACGTACTCGTGA-1,-3.9767778,-1.1368942,5,Non-classical monocytes,Non-classical monocytes,0.9981631138410627
AGACTGACCATCAG-1,16.892,-1.3184114,4,Tem/Trm cytotoxic T cells,CD16+ NK cells,0.9964083328179196
AGACTGACCCTTTA-1,18.161436,0.9123011,0,Tcm/Naive cytotoxic T cells,Tcm/Naive helper T cells,0.9987459141131597
AGACTTCTCATGCA-1,9.950534,15.947123,2,B cells,B cells,0.7248433041762163
AGAGATGACAGTCA-1,10.131619,15.786464,2,B cells,B cells,0.987335449937136
AGAGATGACTGAAC-1,18.49675,0.9847049,1,Tcm/Naive helper T cells,Tcm/Naive helper T cells,0.9778088169148319
AGAGATGAGGTTTG-1,-3.9417121,0.20051713,3,Macrophages,Classical monocytes,0.7604215850891667
AGAGATGATCTCGC-1,10.689226,14.569789,2,B cells,B cells,0.8895560974923071
AGAGATGATTGTGG-1,17.25771,2.389483,0,Tcm/Naive cytotoxic T cells,Tcm/Naive helper T cells,0.22770029554420057
AGAGCGGAGGCAAG-1,-2.476562,0.03374355,3,Non-classical monocytes,Classical monocytes,0.832624774097985
AGAGGTCTACAGCT-1,13.761145,2.541602,8,Tem/Trm cytotoxic T cells,Tem/Trm cytotoxic T cells,0.6126863157242307
AGAGTCTGGTCGTA-1,-2.8613336,-1.6497835,5,Non-classical monocytes,Non-classical monocytes,0.994887427346962
AGAGTGCTCAGCTA-1,17.989832,0.14626884,1,Tcm/Naive helper T cells,Tcm/Naive helper T cells,0.9235813606908846
AGAGTGCTCGAATC-1,18.048508,2.2632062,0,Tcm/Naive helper T cells,Tcm/Naive helper T cells,0.9245165833087923
AGAGTGCTGTCATG-1,16.966578,1.1963147,0,Tcm/Naive helper T cells,Tcm/Naive helper T cells,0.9489969007147104
AGAGTGCTGTCCTC-1,16.540754,-1.0385109,4,MAIT cells,CD16+ NK cells,0.9788067863089744
AGAGTGCTGTGTTG-1,9.407835,14.936602,2,B cells,B cells,0.9996434311362343
AGATATACCCGTAA-1,14.556285,-2.6052659,4,CD16+ NK cells,CD16+ NK cells,0.8808775246944223
AGATATACGATGAA-1,17.131971,0.48917776,0,Tcm/Naive helper T cells,Tcm/Naive helper T cells,0.9653396171683952
AGATATACTGTTCT-1,10.701476,13.849431,2,B cells,B cells,0.9025508799796521
AGATATTGCCTACC-1,15.784357,-1.1388774,4,Tem/Trm cytotoxic T cells,CD16+ NK cells,0.9897379037026005
AGATATTGGCCAAT-1,-2.435965,0.8784955,3,Classical monocytes,Classical monocytes,0.9488040884924848
AGATCGTGTCTGGA-1,-3.7154226,0.0852946,3,Classical monocytes,Classical monocytes,0.9652451716575307
AGATCGTGTTTGTC-1,9.540978,15.052095,2,B cells,B cells,0.9995322985392235
AGATCTCTATCACG-1,10.380487,15.704097,2,B cells,B cells,0.9511777196458214
AGATTAACGTTCTT-1,-3.615464,-1.3771226,5,Non-classical monocytes,Non-classical monocytes,0.9990392471578139
AGATTCCTATCGTG-1,16.89944,2.6651773,0,Tcm/Naive helper T cells,Tcm/Naive helper T cells,0.6852674468112676
AGATTCCTCACTTT-1,-4.4561357,0.40321445,3,Classical monocytes,Classical monocytes,0.9987040351506487
AGATTCCTGACGAG-1,-4.301369,1.7892469,3,Classical monocytes,Classical monocytes,0.9139876185508072
AGATTCCTGTTCAG-1,14.094336,-2.824147,4,CD16+ NK cells,CD16+ NK cells,0.99977926244312
AGCAAAGATATGCG-1,19.213352,1.501817,1,Tcm/Naive helper T cells,Tcm/Naive helper T cells,0.9707883334894413
AGCACAACAGTCTG-1,19.172695,0.9812795,1,Tcm/Naive cytotoxic T cells,Tcm/Naive helper T cells,0.7694797745715363
AGCACTGAGGGAGT-1,18.621181,2.1125426,1,Tcm/Naive helper T cells,Tcm/Naive helper T cells,0.7981210323885766
AGCACTGATATGCG-1,16.456827,2.2249618,0,Regulatory T cells,Tcm/Naive helper T cells,0.994429454379593
AGCACTGATGCTTT-1,-1.2989746,2.7692115,6,DC,DC,0.8902199380545535
AGCACTGATTGCGA-1,19.452734,1.3354456,0,Tcm/Naive helper T cells,Tcm/Naive helper T cells,0.8467384644569609
AGCATCGAAGATCC-1,17.505398,2.3646014,0,Regulatory T cells,Tcm/Naive helper T cells,0.9853898026286313
AGCATCGAAGGGTG-1,10.346381,14.163009,2,B cells,B cells,0.9077822797857047
AGCATCGAGCTTCC-1,-4.2705255,1.696864,3,Classical monocytes,Classical monocytes,0.9903576451381159
AGCATCGAGTGAGG-1,16.279749,3.1414459,0,Tem/Effector helper T cells,Tcm/Naive helper T cells,0.6460023693712904
AGCATCGATAACCG-1,-3.2282586,1.1295038,3,Classical monocytes,Classical monocytes,0.9935541433983938
AGCATGACGATGAA-1,16.810732,-1.36858,4,NK cells,CD16+ NK cells,0.39310214596224297
AGCCAATGGGGAGT-1,-3.6962154,-1.5415176,5,Non-classical monocytes,Non-classical monocytes,0.9870538849487541
AGCCAATGTATCTC-1,18.301937,1.2119864,0,Tcm/Naive helper T cells,Tcm/Naive helper T cells,0.8527003955654129
AGCCACCTGGATCT-1,16.221571,-1.6437991,4,Tem/Trm cytotoxic T cells,CD16+ NK cells,0.7838520802336624
AGCCGGTGCCAATG-1,15.497786,1.52282,0,Tcm/Naive helper T cells,Tcm/Naive helper T cells,0.2568140215618599
AGCCGGTGTGTTTC-1,18.903114,0.999886,1,Tcm/Naive helper T cells,Tcm/Naive helper T cells,0.9353935968826125
AGCCGTCTCAATCG-1,18.477676,2.1058035,1,Tcm/Naive cytotoxic T cells,Tcm/Naive helper T cells,0.9971410446400948
AGCCGTCTGAGAGC-1,16.827396,2.3884158,0,Tcm/Naive helper T cells,Tcm/Naive helper T cells,0.4539689105397244
AGCCTCACGTTCGA-1,18.850285,2.4664063,0,Tcm/Naive cytotoxic T cells,Tcm/Naive helper T cells,0.30244773825940746
AGCCTCACTGTCAG-1,-2.5494738,-1.1900377,5,Non-classical monocytes,Non-classical monocytes,0.9865234490867469
AGCCTCTGCAGTTG-1,9.638574,15.658244,2,B cells,B cells,0.8245200634881704
AGCCTCTGCCAATG-1,15.287004,-2.0831761,4,CD16+ NK cells,CD16+ NK cells,0.9996891781116752
AGCGAACTGGATCT-1,19.421127,2.5258853,1,Tcm/Naive cytotoxic T cells,Tcm/Naive helper T cells,0.9582337064680757
AGCGAACTTACTGG-1,17.098125,0.7845483,0,Tcm/Naive helper T cells,Tcm/Naive helper T cells,0.8022191313053281
AGCGATACGGAGCA-1,20.026495,1.0204641,1,Tcm/Naive cytotoxic T cells,Tcm/Naive helper T cells,0.9983130899070681
AGCGATTGAGATCC-1,14.861966,-2.0545213,4,CD16+ NK cells,CD16+ NK cells,0.9995041730458395
AGCGCCGAATCTCT-1,17.925528,0.6797959,0,Tem/Effector helper T cells,Tcm/Naive helper T cells,0.6101620626586908
AGCGCCGACAGAGG-1,16.138788,2.7432723,0,Tcm/Naive helper T cells,Tcm/Naive helper T cells,0.9505349921134694
AGCGCTCTACCTTT-1,18.589336,1.6562917,0,Tcm/Naive helper T cells,Tcm/Naive helper T cells,0.8592252128035305
AGCGGCACCGGGAA-1,19.644714,1.2172067,1,Tcm/Naive helper T cells,Tcm/Naive helper T cells,0.6450009110574368
AGCGGCTGATGTGC-1,18.026302,1.6636595,0,Tcm/Naive helper T cells,Tcm/Naive helper T cells,0.8320582924353125
AGCGGGCTTGCCAA-1,18.276136,-0.03897929,0,Tcm/Naive helper T cells,Tcm/Naive helper T cells,0.8319719282689427
AGCGTAACATGCTG-1,17.737532,2.4106457,0,Tem/Effector helper T cells,Tcm/Naive helper T cells,0.9724512332650331
AGCGTAACTGAGAA-1,-2.6127684,0.26375303,3,Non-classical monocytes,Classical monocytes,0.8910127214440715
AGCTCGCTACTGGT-1,19.16674,2.010961,1,Tcm/Naive helper T cells,Tcm/Naive helper T cells,0.9977534555177456
AGCTCGCTCTGCTC-1,18.101025,1.7090877,0,Tcm/Naive cytotoxic T cells,Tcm/Naive helper T cells,0.990104280816643
AGCTGAACCATACG-1,-3.3881614,-1.795017,5,Non-classical monocytes,Non-classical monocytes,0.9994882523845383
AGCTGAACCTCTCG-1,17.724426,2.8242824,0,Tcm/Naive helper T cells,Tcm/Naive helper T cells,0.9646413991608286
AGCTGCCTTGGGAG-1,-5.4506426,-0.16909285,3,Myelocytes,Classical monocytes,0.3518718249995875
AGCTGCCTTTCATC-1,16.275267,3.1307287,0,Regulatory T cells,Tcm/Naive helper T cells,0.25763332842540737
AGCTGCCTTTCTGT-1,18.030666,1.045885,1,Tcm/Naive cytotoxic T cells,Tcm/Naive helper T cells,0.9738943234648728
AGCTGTGATCCAAG-1,18.474247,1.6972637,0,Tcm/Naive cytotoxic T cells,Tcm/Naive helper T cells,0.9620803386080221
AGCTTTACAAGTAG-1,19.048086,0.17654704,1,Tcm/Naive helper T cells,Tcm/Naive helper T cells,0.9758859635564602
AGCTTTACACCAAC-1,16.70536,-0.8746122,4,NK cells,CD16+ NK cells,0.40714002834393836
AGCTTTACTCTCAT-1,10.397407,15.109565,2,B cells,B cells,0.8257794651192681
AGGAAATGAGGAGC-1,17.079836,0.13688551,1,Tcm/Naive helper T cells,Tcm/Naive helper T cells,0.9014283159193474
AGGAACCTCTTAGG-1,-2.8355663,-1.1668812,5,Non-classical monocytes,Non-classical monocytes,0.9997341372855536
AGGAACCTTGCCTC-1,16.18133,-0.2557914,4,Tem/Trm cytotoxic T cells,CD16+ NK cells,0.9647769851267599
AGGAATGATAACGC-1,17.557032,1.0023518,0,Tcm/Naive cytotoxic T cells,Tcm/Naive helper T cells,0.9349409688810156
AGGAATGATTTGTC-1,16.0665,2.5698812,0,Regulatory T cells,Tcm/Naive helper T cells,0.5749566239466308
AGGAGTCTGGTTTG-1,18.156042,1.1221535,0,Tcm/Naive helper T cells,Tcm/Naive helper T cells,0.4610304157063806
AGGAGTCTTGTCAG-1,19.558563,2.4892824,1,Tcm/Naive helper T cells,Tcm/Naive helper T cells,0.9894856570639885
AGGATAGACATTTC-1,15.799649,1.93282,0,Tem/Effector helper T cells,Tcm/Naive helper T cells,0.6096497855590974
AGGATAGAGGATTC-1,15.693047,-2.8092155,4,NKT cells,CD16+ NK cells,0.6954828062220612
AGGATGCTACTAGC-1,9.074595,15.420096,2,B cells,B cells,0.9778228354521209
AGGATGCTTTAGGC-1,14.387548,-2.9248633,4,CD16+ NK cells,CD16+ NK cells,0.9999743933147512
AGGCAACTGAAGGC-1,17.034023,0.53996414,4,Tcm/Naive helper T cells,CD16+ NK cells,0.4027891143682971
AGGCAGGAGTACCA-1,17.372948,-0.3698616,4,MAIT cells,CD16+ NK cells,0.9966818922154931
AGGCCTCTAGTCGT-1,17.11338,2.604541,0,Tcm/Naive helper T cells,Tcm/Naive helper T cells,0.9976557698053558
AGGCCTCTCGGAGA-1,16.108541,1.6741507,0,Tcm/Naive cytotoxic T cells,Tcm/Naive helper T cells,0.7284558680312834
AGGCCTCTCGTAAC-1,19.202242,-0.17197545,1,Tcm/Naive helper T cells,Tcm/Naive helper T cells,0.979397511437121
AGGGACGACGTTGA-1,18.8128,1.4056739,0,Tcm/Naive helper T cells,Tcm/Naive helper T cells,0.9107574901224192
AGGGACGAGTCAAC-1,13.936165,-2.9721344,4,CD16+ NK cells,CD16+ NK cells,0.9962133707276507
AGGGACGAGTTGTG-1,19.538284,2.2340991,1,Tcm/Naive helper T cells,Tcm/Naive helper T cells,0.9596419939828866
AGGGACGATAGAGA-1,17.351286,-0.42583445,4,MAIT cells,CD16+ NK cells,0.9284792427399787
AGGGACGATGCATG-1,16.970066,-1.6196346,4,Tem/Trm cytotoxic T cells,CD16+ NK cells,0.9814035874202987
AGGGAGTGAGCCTA-1,16.663738,1.1680168,0,Regulatory T cells,Tcm/Naive helper T cells,0.9773182880070143
AGGGCCACCATACG-1,18.363663,2.4115183,0,Tcm/Naive helper T cells,Tcm/Naive helper T cells,0.9913104818222466
AGGGCGCTAACCAC-1,-4.605663,1.3665396,3,Classical monocytes,Classical monocytes,0.7441406064013317
AGGGCGCTATGGTC-1,18.692822,1.2141119,0,Regulatory T cells,Tcm/Naive helper T cells,0.3816319959401569
AGGGTGGACAGTCA-1,10.483134,14.095529,2,B cells,B cells,0.9966661532576865
AGGGTGGACTCAAG-1,-3.997886,0.48967892,3,Classical monocytes,Classical monocytes,0.8666708880581155
AGGGTGGAGTTGCA-1,17.04555,-1.2953954,4,Tem/Trm cytotoxic T cells,CD16+ NK cells,0.9768148783760395
AGGGTTTGTTCATC-1,-4.1387157,0.3624645,3,MNP,Classical monocytes,0.5906887929584066
AGGTCATGAGTGTC-1,9.26772,14.978846,2,B cells,B cells,0.9508674299144754
AGGTCATGCTTATC-1,16.886574,-0.72358006,4,MAIT cells,CD16+ NK cells,0.7992273811362177
AGGTCTGATTCTCA-1,-3.2865076,-0.766755,5,Non-classical monocytes,Non-classical monocytes,0.9833214800042873
AGGTGGGAAGAATG-1,17.541187,0.5639361,0,Tcm/Naive helper T cells,Tcm/Naive helper T cells,0.8375556118482699
AGGTGGGAAGTTCG-1,18.757212,1.5729554,0,Tcm/Naive helper T cells,Tcm/Naive helper T cells,0.9758330101339752
AGGTGTTGGTTACG-1,9.780913,14.6311245,2,B cells,B cells,0.9726389788709536
AGGTTCGAACCTCC-1,-5.5152464,0.9849261,3,Classical monocytes,Classical monocytes,0.9667349594193034
AGGTTCGAACGTAC-1,-4.687118,-0.030475544,3,Classical monocytes,Classical monocytes,0.7853320161621635
AGGTTCGAGGGTGA-1,19.35728,0.35894826,1,Tcm/Naive cytotoxic T cells,Tcm/Naive helper T cells,0.9821262234224415
AGTAAGGAGTTTGG-1,16.25683,1.5067112,0,Tem/Effector helper T cells,Tcm/Naive helper T cells,0.8674507743692632
AGTAAGGATTCTTG-1,16.593142,0.92213017,0,Tem/Effector helper T cells,Tcm/Naive helper T cells,0.9659528095310502
AGTAATACATCACG-1,14.511049,-1.4009309,4,CD16+ NK cells,CD16+ NK cells,0.9883648326018569
AGTAATACCGAACT-1,9.837375,15.852237,2,B cells,B cells,0.9986240105069886
AGTAATTGTCCCAC-1,16.80799,0.2548431,0,Tcm/Naive helper T cells,Tcm/Naive helper T cells,0.600330731517538
AGTACGTGAGGGTG-1,17.340824,2.186714,0,Tcm/Naive helper T cells,Tcm/Naive helper T cells,0.9162623541007588
AGTACGTGCTGCAA-1,17.952806,3.2647536,0,Tcm/Naive helper T cells,Tcm/Naive helper T cells,0.8202373089397609
AGTACGTGCTTGGA-1,16.385386,1.6025635,0,Tcm/Naive helper T cells,Tcm/Naive helper T cells,0.6956967712951138
AGTACTCTACGTGT-1,10.58768,15.702442,2,B cells,B cells,0.9946164330165279
AGTACTCTCAACCA-1,16.518927,-2.355124,4,Tem/Trm cytotoxic T cells,CD16+ NK cells,0.41127387106905433
AGTACTCTCGGTAT-1,15.455644,1.7116663,0,Tcm/Naive cytotoxic T cells,Tcm/Naive helper T cells,0.40149285537006413
AGTAGGCTTGCCTC-1,-2.893436,-0.6360197,3,Non-classical monocytes,Classical monocytes,0.9990528277998798
AGTATAACTTGTCT-1,-3.1285942,-2.1930134,5,Non-classical monocytes,Non-classical monocytes,0.9902157691751855
AGTATCCTAGAACA-1,17.96448,1.0395873,0,Tcm/Naive cytotoxic T cells,Tcm/Naive helper T cells,0.9162749682283781
AGTCACGATGAGCT-1,14.524565,-1.9095587,4,CD16+ NK cells,CD16+ NK cells,0.7509934371253597
AGTCAGACGAATAG-1,16.144812,3.1178565,0,Tem/Effector helper T cells,Tcm/Naive helper T cells,0.7756758770408438
AGTCAGACGCTTAG-1,18.403835,-0.13015948,1,Tem/Trm cytotoxic T cells,Tcm/Naive helper T cells,0.4309889290796587
AGTCAGACTAGAGA-1,16.045109,-0.412399,4,MAIT cells,CD16+ NK cells,0.9689648203176211
AGTCAGACTGCACA-1,16.195599,1.6337231,0,Tem/Effector helper T cells,Tcm/Naive helper T cells,0.16360971305111185
AGTCCAGATATCTC-1,18.71911,0.22408825,1,Tcm/Naive helper T cells,Tcm/Naive helper T cells,0.869316269360869
AGTCCAGATTTCAC-1,17.35756,2.5003626,0,Tem/Effector helper T cells,Tcm/Naive helper T cells,0.6635088196960192
AGTCGAACCAACCA-1,19.49096,0.5685859,1,Tcm/Naive helper T cells,Tcm/Naive helper T cells,0.9255882917936393
AGTCGCCTCCGTAA-1,16.972855,1.6908605,0,Tcm/Naive helper T cells,Tcm/Naive helper T cells,0.3263644890875547
AGTCTACTAGGGTG-1,-4.3893933,0.9219359,3,Classical monocytes,Classical monocytes,0.7843858386509165
AGTCTACTTGCATG-1,-2.835292,-0.8474713,5,Non-classical monocytes,Non-classical monocytes,0.9790099745020465
AGTCTTACACCACA-1,19.317726,1.0475891,1,Tcm/Naive cytotoxic T cells,Tcm/Naive helper T cells,0.9810658308148392
AGTCTTACTTCGCC-1,16.30459,-0.5110955,4,Tem/Trm cytotoxic T cells,CD16+ NK cells,0.46399471982900026
AGTCTTACTTCGGA-1,-0.59173226,-0.8393845,7,Megakaryocytes/platelets,Megakaryocytes/platelets,0.9404113700224757
AGTGACTGCAACTG-1,-3.4926105,-1.9080683,5,Non-classical monocytes,Non-classical monocytes,0.9927180102202973
AGTGTTCTAACCTG-1,18.052517,1.9621239,0,Tem/Effector helper T cells,Tcm/Naive helper T cells,0.8766695137050646
AGTGTTCTATAAGG-1,19.252996,2.1168847,1,Tem/Trm cytotoxic T cells,Tcm/Naive helper T cells,0.6734191272362017
AGTGTTCTCACTTT-1,-4.0832157,1.4256425,3,Classical monocytes,Classical monocytes,0.9758331045754202
AGTTAAACCACTTT-1,16.881462,1.2181782,0,Tcm/Naive helper T cells,Tcm/Naive helper T cells,0.6271845539745164
AGTTATGAACAGTC-1,-3.5739105,1.4868358,3,Classical monocytes,Classical monocytes,0.9629038731875389
AGTTATGACTGAGT-1,16.56282,2.4560616,0,Type 17 helper T cells,Tcm/Naive helper T cells,0.06915321023141933
AGTTATGAGTTCAG-1,16.839796,3.18087,0,Tcm/Naive helper T cells,Tcm/Naive helper T cells,0.9531954042091373
AGTTCTACCAGCTA-1,-3.9926627,1.9506125,3,Classical monocytes,Classical monocytes,0.8450371056749284
AGTTCTTGAAGCCT-1,16.581858,-1.7829473,4,Tem/Trm cytotoxic T cells,CD16+ NK cells,0.9227482633489391
AGTTGTCTACTACG-1,18.759607,2.587978,0,Tcm/Naive helper T cells,Tcm/Naive helper T cells,0.9962510688135061
AGTTTAGATGGTCA-1,17.913025,1.2195632,0,Tcm/Naive cytotoxic T cells,Tcm/Naive helper T cells,0.32583436711063646
AGTTTCACGGTCTA-1,16.035196,-1.3821946,4,Tem/Trm cytotoxic T cells,CD16+ NK cells,0.9674663367233756
AGTTTGCTACAGTC-1,18.394892,1.2080945,0,Tcm/Naive cytotoxic T cells,Tcm/Naive helper T cells,0.9968158473078222
AGTTTGCTACTGGT-1,14.436825,-0.93762213,4,CD16+ NK cells,CD16+ NK cells,0.4862629923142063
AGTTTGCTCCAAGT-1,17.230322,1.8678526,0,Tcm/Naive helper T cells,Tcm/Naive helper T cells,0.7451757107589223
ATAAACACAGTGCT-1,10.54157,14.180742,2,B cells,B cells,0.4580885180623774
ATAAACACCACCAA-1,17.332575,1.0015153,0,Tcm/Naive cytotoxic T cells,Tcm/Naive helper T cells,0.9279613781874265
ATAACAACATGCTG-1,-4.450807,1.128539,3,Classical monocytes,Classical monocytes,0.9949757203650765
ATAACAACGTCTAG-1,17.34418,0.25398195,0,Tcm/Naive helper T cells,Tcm/Naive helper T cells,0.8517586252721677
ATAACAACTTTGTC-1,19.58082,2.1846943,0,Tcm/Naive cytotoxic T cells,Tcm/Naive helper T cells,0.9147746408216662
ATAACATGTACTCT-1,17.491798,2.1650403,0,Tem/Effector helper T cells,Tcm/Naive helper T cells,0.9454314540566046
ATAACCCTGTTGGT-1,18.75235,-0.27780798,1,Tem/Trm cytotoxic T cells,Tcm/Naive helper T cells,0.38304272234838543
ATAACCCTTGGTAC-1,16.750305,2.311281,0,Tem/Effector helper T cells,Tcm/Naive helper T cells,0.9264580008158472
ATAAGTACGAATGA-1,9.687102,15.218428,2,B cells,B cells,0.9948154245295138
ATAAGTTGGTACGT-1,-4.689296,-1.0393974,5,Non-classical monocytes,Non-classical monocytes,0.8201020406565387
ATAAGTTGTCTAGG-1,17.547945,0.023953332,1,Tem/Effector helper T cells,Tcm/Naive helper T cells,0.8363226217898129
ATAATCGAGCTGAT-1,9.4481945,15.675368,2,B cells,B cells,0.9798564756362278
ATAATCGATGGTTG-1,18.911615,2.839229,0,Tcm/Naive helper T cells,Tcm/Naive helper T cells,0.9210188656712338
ATAATGACCTACTT-1,16.210045,1.9688722,0,Tem/Effector helper T cells,Tcm/Naive helper T cells,0.22748381681824956
ATAATGACTCGTGA-1,-4.6987815,0.86926675,3,Classical monocytes,Classical monocytes,0.716106347164467
ATACAATGTTAGGC-1,18.04778,1.7783812,0,Tem/Effector helper T cells,Tcm/Naive helper T cells,0.9135180656386561
ATACCACTCGTACA-1,-3.3497164,0.61758864,3,Classical monocytes,Classical monocytes,0.9815480948772299
ATACCACTCTAAGC-1,-1.57321,2.740045,6,DC2,DC,0.8949928165953723
ATACCACTGCCAAT-1,14.727908,-0.9602899,4,CD16+ NK cells,CD16+ NK cells,0.5241687144407853
ATACCGGAATGCTG-1,-1.2647902,2.7990801,6,DC,DC,0.8515912332253495
ATACCGGACATTTC-1,-3.8003514,0.44618735,3,Non-classical monocytes,Classical monocytes,0.7690114224653917
ATACCGGACTTCGC-1,16.528322,2.7373338,0,Tcm/Naive helper T cells,Tcm/Naive helper T cells,0.8427702101804497
ATACCGGAGGTGTT-1,-3.9994988,1.4553131,3,Classical monocytes,Classical monocytes,0.9998874560034273
ATACCGGATCTCGC-1,18.787346,0.7438666,1,Tcm/Naive helper T cells,Tcm/Naive helper T cells,0.1951273051525658
ATACCTACGCATCA-1,15.752777,0.9600544,0,Tcm/Naive helper T cells,Tcm/Naive helper T cells,0.4050150054051275
ATACCTTGGGGCAA-1,18.934635,2.044157,0,Tcm/Naive cytotoxic T cells,Tcm/Naive helper T cells,0.9961898268963182
ATACGGACAGACTC-1,-5.865812,1.4289112,3,Classical monocytes,Classical monocytes,0.966011811795511
ATACGGACCTACTT-1,-5.7885194,0.5537501,3,Classical monocytes,Classical monocytes,0.9959683733083342
ATACGGACGAGGTG-1,10.260855,15.665365,2,B cells,B cells,0.9997922150053218
ATACGGACTATGCG-1,10.100385,15.626122,2,B cells,B cells,0.9678645345683584
ATACGGACTCTGGA-1,-5.08311,0.7984068,3,Classical monocytes,Classical monocytes,0.9902044617489401
ATACGTCTTAACGC-1,-4.8297176,1.8607466,3,Classical monocytes,Classical monocytes,0.9999555576205621
ATACTCTGCTTCGC-1,-2.4423385,-0.32014403,3,Non-classical monocytes,Classical monocytes,0.5420453714858151
ATACTCTGGTATGC-1,14.103345,-1.9620953,4,CD16+ NK cells,CD16+ NK cells,0.9931749355110683
ATAGATACCATGGT-1,16.000328,1.3718123,0,Tem/Effector helper T cells,Tcm/Naive helper T cells,0.41957028847744804
ATAGATACGACGAG-1,19.061384,1.6335642,1,Tcm/Naive helper T cells,Tcm/Naive helper T cells,0.9854844990591303
ATAGATTGGTGTAC-1,10.617482,14.49437,2,B cells,B cells,0.9900929297983254
ATAGCCGAACGGAG-1,19.239166,1.1672133,0,Tcm/Naive helper T cells,Tcm/Naive helper T cells,0.9749579896598721
ATAGCGTGCAGATC-1,16.518436,2.2170694,0,Tem/Effector helper T cells,Tcm/Naive helper T cells,0.48987198857398523
ATAGCGTGCCCTTG-1,-3.7112844,1.1498479,3,Classical monocytes,Classical monocytes,0.9520254297677824
ATAGCGTGGTATCG-1,-5.781181,0.40808013,3,Classical monocytes,Classical monocytes,0.998374600113177
ATAGCGTGTCTCTA-1,17.710419,1.8448809,0,Tem/Effector helper T cells,Tcm/Naive helper T cells,0.6455819631250502
ATAGCTCTCTGATG-1,19.155596,0.5155897,1,Tcm/Naive helper T cells,Tcm/Naive helper T cells,0.9924743825856318
ATAGCTCTGAGGTG-1,18.317987,1.0796133,0,Tcm/Naive helper T cells,Tcm/Naive helper T cells,0.9965671809519759
ATAGGAGAAACAGA-1,-3.009626,-0.1004824,3,Non-classical monocytes,Classical monocytes,0.9976693740167277
ATAGGCTGTCAGAC-1,18.372833,1.2223394,0,Tcm/Naive helper T cells,Tcm/Naive helper T cells,0.9893851181204368
ATAGTCCTAGTGTC-1,-3.3043027,0.99177676,3,Classical monocytes,Classical monocytes,0.9978860001621391
ATAGTCCTTGCATG-1,16.434206,-0.28367344,4,Tem/Trm cytotoxic T cells,CD16+ NK cells,0.8145844936723732
ATAGTCCTTGTCGA-1,19.538609,2.213204,0,Tcm/Naive cytotoxic T cells,Tcm/Naive helper T cells,0.8618678858392197
ATAGTTGACAACTG-1,18.531416,1.7808203,1,Regulatory T cells,Tcm/Naive helper T cells,0.698316299878869
ATAGTTGACCCTCA-1,-2.8195841,-1.1483374,5,Non-classical monocytes,Non-classical monocytes,0.9831917927219657
ATAGTTGAGACGTT-1,18.98453,-0.41710985,1,Tcm/Naive cytotoxic T cells,Tcm/Naive helper T cells,0.36808039380049706
ATAGTTGATAAGCC-1,18.754066,2.6936479,0,Regulatory T cells,Tcm/Naive helper T cells,0.8598540941441187
ATATACGAAGCCAT-1,18.313728,2.4013338,0,Tcm/Naive helper T cells,Tcm/Naive helper T cells,0.8940127189063943
ATATACGAATTGGC-1,16.351358,2.752441,0,Tcm/Naive helper T cells,Tcm/Naive helper T cells,0.9775838964158219
ATATAGTGGAATGA-1,-5.92772,0.8951458,3,Classical monocytes,Classical monocytes,0.9979682017702721
ATATGCCTAGATCC-1,-5.1208825,1.4911168,3,Classical monocytes,Classical monocytes,0.9658263415684618
ATATGCCTGGACAG-1,17.593822,0.78174895,0,Tcm/Naive cytotoxic T cells,Tcm/Naive helper T cells,0.993734281864735
ATATGCCTTCTCTA-1,18.184385,0.6957673,0,Tem/Effector helper T cells,Tcm/Naive helper T cells,0.45284522939934
ATATGCCTTGGTAC-1,18.405071,1.6854906,0,Tcm/Naive helper T cells,Tcm/Naive helper T cells,0.9552932987605761
ATCAAATGAGCCTA-1,-3.8333125,0.2964126,3,Classical monocytes,Classical monocytes,0.9496794516912958
ATCAAATGGGTAAA-1,-2.503429,-1.5384114,5,Non-classical monocytes,Non-classical monocytes,0.9847362879682601
ATCAACCTAAACGA-1,16.478691,2.5182981,0,Tcm/Naive helper T cells,Tcm/Naive helper T cells,0.4784141809373846
ATCAACCTGAGGAC-1,19.538788,1.2116647,1,Tcm/Naive helper T cells,Tcm/Naive helper T cells,0.9978479017823695
ATCAACCTTCTCTA-1,16.450844,-0.6580722,4,MAIT cells,CD16+ NK cells,0.9641840107660127
ATCAACCTTTGTCT-1,16.784624,-0.38377908,4,MAIT cells,CD16+ NK cells,0.5898071723628151
ATCACACTTTGTCT-1,17.84784,2.2409549,0,Tcm/Naive helper T cells,Tcm/Naive helper T cells,0.7972436186223446
ATCACGGATTGCTT-1,-5.769807,1.0355544,3,Classical monocytes,Classical monocytes,0.9891681596202833
ATCACGGATTTCGT-1,9.532912,15.221545,2,B cells,B cells,0.8230517452699918
ATCATCTGACACCA-1,-0.43455747,-0.8268371,7,Megakaryocytes/platelets,Megakaryocytes/platelets,0.9173848923093963
ATCATGCTAGAGTA-1,16.770226,-1.9561236,4,Regulatory T cells,CD16+ NK cells,0.036272600851384645
ATCATGCTGAACCT-1,10.545739,13.692898,2,B cells,B cells,0.9936968948724411
ATCCAGGACGCTAA-1,-2.742375,-1.9946163,5,Non-classical monocytes,Non-classical monocytes,0.9981999640747863
ATCCAGGATGGAAA-1,16.046099,0.839818,0,Regulatory T cells,Tcm/Naive helper T cells,0.8607493019989824
ATCCATACTCCTTA-1,-5.1806936,0.14813337,3,Classical monocytes,Classical monocytes,0.4912146109294727
ATCCATACTTCATC-1,-3.1330338,-2.387158,5,Non-classical monocytes,Non-classical monocytes,0.9967643336525911
ATCCCGTGCAGTCA-1,14.091058,-3.0000508,4,CD16+ NK cells,CD16+ NK cells,0.9984960983012013
ATCCCGTGCATGCA-1,10.010513,15.877394,2,B cells,B cells,0.9979154636218402
ATCCCGTGGCTGAT-1,9.642396,14.593635,2,B cells,B cells,0.9804018420419137
ATCCGCACGCATCA-1,10.360442,14.343099,2,B cells,B cells,0.7857684247219954
ATCCTAACGACGGA-1,9.453295,14.688401,2,B cells,B cells,0.9744875894389206
ATCCTAACGCTACA-1,16.085882,0.27967608,0,Tcm/Naive helper T cells,Tcm/Naive helper T cells,0.533963603916175
ATCGACGAAACTGC-1,-2.592427,1.0625316,3,Classical monocytes,Classical monocytes,0.8190425926017528
ATCGACGAATGACC-1,17.907404,2.1714346,0,Tcm/Naive cytotoxic T cells,Tcm/Naive helper T cells,0.9990004995464989
ATCGAGTGGACGTT-1,16.19857,-2.6115122,4,NK cells,CD16+ NK cells,0.13140917825525936
ATCGCAGAATCTCT-1,-2.3103783,-1.996623,5,Non-classical monocytes,Non-classical monocytes,0.9998949328916032
ATCGCAGAGTGTCA-1,9.251275,14.29589,2,B cells,B cells,0.9974707207137224
ATCGCCACTGAGGG-1,17.143824,-1.5499184,4,Tem/Trm cytotoxic T cells,CD16+ NK cells,0.5784809012186874
ATCGCCTGGGTCAT-1,17.370815,1.9674442,0,Tcm/Naive helper T cells,Tcm/Naive helper T cells,0.5675912678469449
ATCGCCTGTGGCAT-1,9.413994,15.674338,2,B cells,B cells,0.9832863863520193
ATCGCGCTCAGAGG-1,-4.191306,1.1973381,3,Classical monocytes,Classical monocytes,0.9424655084354544
ATCGCGCTGGGATG-1,16.00506,0.7467986,0,Regulatory T cells,Tcm/Naive helper T cells,0.4170049537632333
ATCGCGCTTTTCGT-1,9.678584,15.535979,2,B cells,B cells,0.9955632145766279
ATCGGAACCAGTCA-1,18.561596,-0.20810558,1,Tcm/Naive helper T cells,Tcm/Naive helper T cells,0.8419459293135767
ATCGGTGAGTCAAC-1,18.666916,1.170143,0,Tcm/Naive helper T cells,Tcm/Naive helper T cells,0.9083788272371017
ATCGGTGATTGCAG-1,17.677109,2.4888413,0,Tcm/Naive helper T cells,Tcm/Naive helper T cells,0.7042170870672277
ATCGTTTGCCTACC-1,-2.8214252,0.64707476,3,Classical monocytes,Classical monocytes,0.9544843642486666
ATCGTTTGGGTACT-1,-4.8052564,0.874192,3,Classical monocytes,Classical monocytes,0.9338983465559245
ATCGTTTGTGCCAA-1,-5.492067,0.5641985,3,Classical monocytes,Classical monocytes,0.8236860519198828
ATCTACACCCGCTT-1,-6.0574603,0.1695202,3,Classical monocytes,Classical monocytes,0.919065797320432
ATCTACACCGGGAA-1,16.916643,2.373251,0,Tem/Effector helper T cells,Tcm/Naive helper T cells,0.5560644404103982
ATCTCAACAGGAGC-1,9.787128,15.303938,2,B cells,B cells,0.9814018009803384
ATCTCAACCTCGAA-1,20.118196,-0.38589862,1,Tcm/Naive helper T cells,Tcm/Naive helper T cells,0.9345979735825934
ATCTCAACCTTGTT-1,-5.275422,1.8138285,3,Classical monocytes,Classical monocytes,0.9997498997495284
ATCTGGGAAACCAC-1,-2.8859823,1.5793383,3,Classical monocytes,Classical monocytes,0.994103199070144
ATCTGGGAAGTGTC-1,-2.6105175,0.39521262,3,Non-classical monocytes,Classical monocytes,0.9651723764822847
ATCTGGGATTCCGC-1,15.946193,0.64782095,0,MAIT cells,Tcm/Naive helper T cells,0.8207642443004372
ATCTGTTGAACGGG-1,16.551336,2.4680922,0,Tem/Effector helper T cells,Tcm/Naive helper T cells,0.6295926493745797
ATCTGTTGACCTCC-1,16.88325,2.8723726,0,Tem/Effector helper T cells,Tcm/Naive helper T cells,0.9757002967815266
ATCTGTTGCCTTCG-1,-2.6386752,-1.3042201,5,Non-classical monocytes,Non-classical monocytes,0.9988786575844981
ATCTGTTGGTTGCA-1,16.467983,1.1592371,0,Tem/Effector helper T cells,Tcm/Naive helper T cells,0.6955990140892687
ATCTTGACACCAAC-1,17.344702,0.88407874,0,Tcm/Naive helper T cells,Tcm/Naive helper T cells,0.7261150432314702
ATCTTGACCTCCCA-1,-4.798031,-0.044864416,3,Classical monocytes,Classical monocytes,0.9783932923496463
ATCTTTCTGCATCA-1,19.009184,-0.77618295,1,B cells,Tcm/Naive helper T cells,0.3030375790821857
ATCTTTCTGTTTCT-1,15.860382,-0.269163,4,Trm cytotoxic T cells,CD16+ NK cells,0.9434031477534631
ATCTTTCTTGTCCC-1,13.977876,-2.6601777,4,CD16+ NK cells,CD16+ NK cells,0.9999892330712686
ATGAAACTCTGTGA-1,16.411156,0.8714541,0,Tcm/Naive cytotoxic T cells,Tcm/Naive helper T cells,0.9764637948166185
ATGAAACTGAGGCA-1,18.894932,2.6529405,0,Tcm/Naive helper T cells,Tcm/Naive helper T cells,0.9138037438245453
ATGAAGGAACAGCT-1,15.530118,0.020502143,4,Tem/Trm cytotoxic T cells,CD16+ NK cells,0.6212725486658193
ATGAAGGACCTGTC-1,9.388037,14.910569,2,B cells,B cells,0.9954273884494316
ATGAAGGACCTTAT-1,10.513799,15.698642,2,B cells,B cells,0.9807527958188791
ATGAAGGACTAGTG-1,10.757509,15.673784,2,B cells,B cells,0.9720072923877968
ATGAAGGACTTGCC-1,14.50817,-3.0746074,4,CD16+ NK cells,CD16+ NK cells,0.9999966083439417
ATGACGTGACGACT-1,9.251008,15.07849,2,B cells,B cells,0.9963114558712868
ATGACGTGATCGGT-1,-2.7394955,-0.5085816,3,Non-classical monocytes,Classical monocytes,0.9991164647277448
ATGAGAGAAAGTGA-1,15.984231,1.8682292,0,Tcm/Naive helper T cells,Tcm/Naive helper T cells,0.47044337769255423
ATGAGAGAACGCAT-1,18.913141,1.8475448,1,Tcm/Naive helper T cells,Tcm/Naive helper T cells,0.9947858377757937
ATGAGAGAAGTAGA-1,9.030864,15.051478,2,B cells,B cells,0.997447777131616
ATGAGCACACAGCT-1,18.053818,2.7160726,0,Tcm/Naive cytotoxic T cells,Tcm/Naive helper T cells,0.9954257852300137
ATGAGCACATCTTC-1,18.197952,2.4836483,0,Tcm/Naive helper T cells,Tcm/Naive helper T cells,0.9926588677653295
ATGATAACTTCACT-1,15.108989,-2.8946297,4,CD16+ NK cells,CD16+ NK cells,0.756382627742658
ATGATATGAAACAG-1,17.193607,2.6845014,0,Tcm/Naive helper T cells,Tcm/Naive helper T cells,0.5477636209881002
ATGATATGACTGGT-1,19.274782,2.7284837,0,Tcm/Naive helper T cells,Tcm/Naive helper T cells,0.13392299654034473
ATGATATGAGCACT-1,17.974602,1.6457767,0,Tcm/Naive helper T cells,Tcm/Naive helper T cells,0.9283920159868821
ATGATATGGTCATG-1,18.898088,1.3349712,0,Tcm/Naive helper T cells,Tcm/Naive helper T cells,0.9350028058550535
ATGATATGGTGCTA-1,14.514098,-2.5141146,4,CD16+ NK cells,CD16+ NK cells,0.8875175785659474
ATGATATGTTGTCT-1,-2.642785,-0.14073193,3,Non-classical monocytes,Classical monocytes,0.8702000164289544
ATGCACGAATGTCG-1,10.376272,15.6361475,2,Naive B cells,B cells,0.9564841941644369
ATGCACGACTGTAG-1,17.278944,1.1278688,0,Regulatory T cells,Tcm/Naive helper T cells,0.8561963953296688
ATGCACGAGAACCT-1,11.1173,14.258159,2,B cells,B cells,0.7680917128251359
ATGCACGAGTTCGA-1,17.886057,2.8182757,0,Tcm/Naive helper T cells,Tcm/Naive helper T cells,0.7319143854742334
ATGCACGATTGGTG-1,-2.532526,-0.19268768,3,Non-classical monocytes,Classical monocytes,0.9555461206823503
ATGCAGTGTTACCT-1,10.173738,15.36929,2,B cells,B cells,0.99907265585954
ATGCAGTGTTCTAC-1,19.364359,1.2308925,1,Tem/Effector helper T cells,Tcm/Naive helper T cells,0.6937358873175722
ATGCCAGAACGACT-1,18.057257,2.64119,0,Tcm/Naive helper T cells,Tcm/Naive helper T cells,0.2476969576591949
ATGCCAGACAGTCA-1,-4.9157624,1.2370211,3,Classical monocytes,Classical monocytes,0.9983379343337533
ATGCCGCTTGAACC-1,-3.7919323,-0.009945185,3,Classical monocytes,Classical monocytes,0.9123166052751241
ATGCGATGCTATGG-1,-3.349781,-0.10989497,3,Non-classical monocytes,Classical monocytes,0.9762560482359289
ATGCGATGCTGAGT-1,17.475395,1.6481837,0,B cells,Tcm/Naive helper T cells,0.34190645990545404
ATGCGATGGTTACG-1,11.02831,14.713647,2,B cells,B cells,0.24334620738177254
ATGCGCCTTCATTC-1,19.001247,1.8287005,0,Tcm/Naive helper T cells,Tcm/Naive helper T cells,0.9868484401177754
ATGCTTTGCGAATC-1,17.387455,2.0160902,0,Tcm/Naive helper T cells,Tcm/Naive helper T cells,0.49724996772774804
ATGCTTTGGGCGAA-1,17.407839,-1.1657494,4,NK cells,CD16+ NK cells,0.17414427075392677
ATGCTTTGTAGTCG-1,9.464182,14.79446,2,B cells,B cells,0.9941496654029355
ATGGACACATCGGT-1,15.436617,2.5224736,0,Tcm/Naive helper T cells,Tcm/Naive helper T cells,0.9139428916975726
ATGGACACGCATCA-1,15.302292,-2.1640007,4,CD16+ NK cells,CD16+ NK cells,0.9915038438922915
ATGGGTACAACCTG-1,9.461753,14.625297,2,B cells,B cells,0.9998059680577327
ATGGGTACATCGGT-1,15.308103,-3.0146692,4,CD16+ NK cells,CD16+ NK cells,0.999993991590823
ATGGGTACTATTCC-1,16.350708,2.5556417,0,Tcm/Naive helper T cells,Tcm/Naive helper T cells,0.8716128829211564
ATGGGTACTGGGAG-1,15.926766,1.4949958,0,Tcm/Naive helper T cells,Tcm/Naive helper T cells,0.9657380082382228
ATGTAAACACCTCC-1,18.009129,1.6075552,0,Tcm/Naive helper T cells,Tcm/Naive helper T cells,0.7339792222810574
ATGTAAACCCGCTT-1,17.955564,2.0921452,0,Tcm/Naive helper T cells,Tcm/Naive helper T cells,0.9311454069027519
ATGTAAACGGGATG-1,-1.6845981,2.4694605,6,Classical monocytes,DC,0.6492379265294467
ATGTAAACTCTCCG-1,15.357017,1.0492196,4,MAIT cells,CD16+ NK cells,0.40992965334253445
ATGTAAACTTCACT-1,-2.7355454,1.1554929,3,Classical monocytes,Classical monocytes,0.38639382107185183
ATGTACCTCAGTCA-1,17.397467,-0.19910093,4,Tcm/Naive cytotoxic T cells,CD16+ NK cells,0.75322584989385
ATGTACCTTAGTCG-1,15.580526,2.7202084,0,Tem/Effector helper T cells,Tcm/Naive helper T cells,0.7475183166321222
ATGTACCTTTATCC-1,-4.8121123,0.6664094,3,Non-classical monocytes,Classical monocytes,0.6634784072796545
ATGTACCTTTCACT-1,16.093061,-2.2793834,4,NK cells,CD16+ NK cells,0.15395919980149667
ATGTCACTAATGCC-1,-3.7190168,1.7242534,3,Classical monocytes,Classical monocytes,0.95699718141443
ATGTCACTCTGCTC-1,18.862122,0.2964312,1,Tcm/Naive helper T cells,Tcm/Naive helper T cells,0.7365377438624584
ATGTCGGAGGTGAG-1,15.881323,2.3918884,0,Tcm/Naive helper T cells,Tcm/Naive helper T cells,0.5942378395036911
ATGTTCACAGTCTG-1,-3.568374,1.0341597,3,Classical monocytes,Classical monocytes,0.8391563292009396
ATGTTCACCGTAGT-1,16.673765,0.40110415,0,Tcm/Naive helper T cells,Tcm/Naive helper T cells,0.8925351157287262
ATGTTGCTTTCAGG-1,16.9789,0.9125048,0,Tcm/Naive helper T cells,Tcm/Naive helper T cells,0.2740510516174386
ATTAACGATGAGAA-1,15.819884,-1.8521734,4,CD16+ NK cells,CD16+ NK cells,0.9819984112115042
ATTAACGATGCAAC-1,15.823107,-2.6999388,4,Tem/Trm cytotoxic T cells,CD16+ NK cells,0.20789825889465569
ATTAAGACTGCAGT-1,15.350616,2.3109436,0,Tem/Effector helper T cells,Tcm/Naive helper T cells,0.9788249555783078
ATTACCTGCCTTAT-1,-4.4148574,1.7405553,3,Classical monocytes,Classical monocytes,0.9996266051243905
ATTACCTGGAGGAC-1,-3.1815948,-1.1344606,5,Non-classical monocytes,Non-classical monocytes,0.9999896482889578
ATTACCTGGGCATT-1,10.208641,15.238218,2,B cells,B cells,0.9530637143761337
ATTAGATGTTTCAC-1,19.69459,0.70994234,1,Tcm/Naive helper T cells,Tcm/Naive helper T cells,0.6690559698614497
ATTATGGAATCTCT-1,15.920186,2.443055,0,Regulatory T cells,Tcm/Naive helper T cells,0.2611345562337205
ATTCAAGAACGGGA-1,18.437761,1.9788351,0,Tcm/Naive cytotoxic T cells,Tcm/Naive helper T cells,0.999682500983194
ATTCAAGACCTTTA-1,16.516659,0.47370982,0,Regulatory T cells,Tcm/Naive helper T cells,0.9744235711738313
ATTCAGCTCATTGG-1,-0.34757683,-0.94441247,7,Megakaryocytes/platelets,Megakaryocytes/platelets,0.9472353865706294
ATTCCAACCATTGG-1,-3.1873863,1.4916828,3,Classical monocytes,Classical monocytes,0.9914812111160489
ATTCCAACTTAGGC-1,14.798378,-2.0754282,4,CD16+ NK cells,CD16+ NK cells,0.9692963995333321
ATTCGACTCACTAG-1,16.152758,1.7115908,0,Tem/Effector helper T cells,Tcm/Naive helper T cells,0.19634083667943877
ATTCGACTGAATAG-1,-5.035278,0.2920344,3,Classical monocytes,Classical monocytes,0.9580566323819162
ATTCGACTTTTGTC-1,-3.9760385,-1.7700132,5,Non-classical monocytes,Non-classical monocytes,0.999676792129887
ATTCGGGAAAGGCG-1,-4.6662674,0.4079156,3,Classical monocytes,Classical monocytes,0.496578238907703
ATTCGGGATTAGGC-1,16.99847,2.9931612,0,Tem/Effector helper T cells,Tcm/Naive helper T cells,0.4801615145228779
ATTCTTCTGATACC-1,17.405775,0.2286896,0,Tcm/Naive helper T cells,Tcm/Naive helper T cells,0.42815367552564493
ATTGAATGGACGGA-1,18.11125,0.06913197,1,Tem/Effector helper T cells,Tcm/Naive helper T cells,0.5350937177457017
ATTGATGAAGGTTC-1,19.362808,1.7721465,1,Tcm/Naive helper T cells,Tcm/Naive helper T cells,0.9774143262557021
ATTGATGACTGAGT-1,17.914354,0.87246644,0,Tem/Effector helper T cells,Tcm/Naive helper T cells,0.4824825156709574
ATTGATGAGCGAAG-1,15.380703,1.5519358,0,Tem/Effector helper T cells,Tcm/Naive helper T cells,0.67509623952222
ATTGATGATCTATC-1,18.413376,2.0613441,0,Tcm/Naive cytotoxic T cells,Tcm/Naive helper T cells,0.45691727073359467
ATTGCACTGACGGA-1,19.417095,1.5996723,1,Tcm/Naive cytotoxic T cells,Tcm/Naive helper T cells,0.9805456181286719
ATTGCACTGAGAGC-1,-3.5312557,-1.2312939,5,Non-classical monocytes,Non-classical monocytes,0.997788941956002
ATTGCACTGGAGCA-1,-4.496137,0.5655073,3,Classical monocytes,Classical monocytes,0.9924688005902074
ATTGCACTTAGCCA-1,17.093431,1.1376122,0,Tcm/Naive helper T cells,Tcm/Naive helper T cells,0.13669618891665739
ATTGCACTTGCTTT-1,-2.655734,-2.342303,5,Non-classical monocytes,Non-classical monocytes,0.9998573879722351
ATTGCTTGTTACTC-1,10.066126,14.260754,2,B cells,B cells,0.8739374071192133
ATTGGTCTGACTAC-1,10.678508,15.039685,2,B cells,B cells,0.9603095115182356
ATTGGTCTTGTCTT-1,9.694321,15.38719,2,B cells,B cells,0.9734877987926152
ATTGTAGATTCCCG-1,-1.34295,2.5366516,6,DC,DC,0.7810749338110238
ATTGTAGATTGCAG-1,18.465998,-0.005360553,1,Tcm/Naive cytotoxic T cells,Tcm/Naive helper T cells,0.5586878267343302
ATTGTCTGCGTACA-1,17.47489,2.204076,0,Tem/Effector helper T cells,Tcm/Naive helper T cells,0.6612085812468073
ATTTAGGAACCATG-1,-2.4012306,-1.8638202,5,Non-classical monocytes,Non-classical monocytes,0.9986557411757372
ATTTAGGACAGAGG-1,15.544184,2.9214668,0,Tcm/Naive helper T cells,Tcm/Naive helper T cells,0.9328947188328809
ATTTCCGAGATGAA-1,17.970606,1.6024574,0,Tcm/Naive helper T cells,Tcm/Naive helper T cells,0.3619737954478289
ATTTCCGAGTGCTA-1,17.049599,2.4126174,0,Tcm/Naive helper T cells,Tcm/Naive helper T cells,0.5177704879878158
ATTTCGTGTATGGC-1,15.454797,-1.6774716,4,NK cells,CD16+ NK cells,0.4662019378325749
ATTTCTCTACTTTC-1,-2.7478335,-1.1392825,5,Non-classical monocytes,Non-classical monocytes,0.9826820816240162
ATTTCTCTAGCAAA-1,15.520431,2.0648158,0,Regulatory T cells,Tcm/Naive helper T cells,0.8528486184594083
ATTTCTCTCACTTT-1,-3.813991,-0.5020983,3,Non-classical monocytes,Classical monocytes,0.8298329582247701
ATTTCTCTTCCCAC-1,18.649258,1.6475444,0,Tcm/Naive cytotoxic T cells,Tcm/Naive helper T cells,0.7567808753296688
ATTTGCACAAGATG-1,-5.7039027,1.4337282,3,Classical monocytes,Classical monocytes,0.8699075004184278
CAAAGCACAGCTCA-1,17.776867,1.5065465,0,Tcm/Naive helper T cells,Tcm/Naive helper T cells,0.2985385775120598
CAAAGCACCGTAAC-1,11.065889,14.786066,2,B cells,B cells,0.971817702098104
CAAAGCACGGTAAA-1,15.632653,-2.624825,4,gamma-delta T cells,CD16+ NK cells,0.030743671029019228
CAAAGCTGAAAGTG-1,18.63492,0.3191347,1,Tcm/Naive cytotoxic T cells,Tcm/Naive helper T cells,0.2378255517883094
CAAAGCTGTTGCTT-1,-4.3662434,0.9982338,3,Classical monocytes,Classical monocytes,0.8926293645942633
CAAATATGTGACAC-1,18.412235,1.4951646,0,Tcm/Naive helper T cells,Tcm/Naive helper T cells,0.799166485455222
CAAATTGAGGGCAA-1,17.15457,0.82172734,0,Regulatory T cells,Tcm/Naive helper T cells,0.8197473556130223
CAAATTGATGGAGG-1,-6.0508833,0.8643814,3,Classical monocytes,Classical monocytes,0.860789603219255
CAACCAGAAAAGTG-1,18.959856,1.4899454,0,Tcm/Naive cytotoxic T cells,Tcm/Naive helper T cells,0.9449344716886813
CAACCAGAAGTGCT-1,16.997072,1.9069016,0,Tem/Effector helper T cells,Tcm/Naive helper T cells,0.8822094580298792
CAACCAGAGTTCAG-1,-3.0620944,0.5940626,3,Non-classical monocytes,Classical monocytes,0.8376795446060746
CAACCAGATAGAAG-1,-6.064242,0.54528296,3,Myelocytes,Classical monocytes,0.9945428752309023
CAACCGCTGTTCAG-1,19.853039,1.1245826,1,Tcm/Naive helper T cells,Tcm/Naive helper T cells,0.9806629710763416
CAACCGCTTTGAGC-1,17.332798,2.2995088,0,Tcm/Naive helper T cells,Tcm/Naive helper T cells,0.9032884629477315
CAACGATGCGCAAT-1,-2.653443,-1.0009835,5,Non-classical monocytes,Non-classical monocytes,0.9946933178873575
CAACGTGACTCCAC-1,-3.1513076,0.2879195,3,Mono-mac,Classical monocytes,0.804975169508273
CAACGTGAGCCATA-1,15.919309,-2.700262,4,Tem/Trm cytotoxic T cells,CD16+ NK cells,0.22097264399285554
CAACGTGATCAAGC-1,-3.1669743,0.30014274,3,Classical monocytes,Classical monocytes,0.9548160948592838
CAAGAAGACCACAA-1,16.598204,0.57102317,0,Tem/Trm cytotoxic T cells,Tcm/Naive helper T cells,0.9003270192267084
CAAGAAGACGTCTC-1,-2.4510493,0.34045723,3,Classical monocytes,Classical monocytes,0.889374976970403
CAAGAAGATTCTAC-1,18.584015,2.7054892,0,Tcm/Naive helper T cells,Tcm/Naive helper T cells,0.9673077769740903
CAAGACTGACCTGA-1,10.685092,14.679028,2,B cells,B cells,0.6386785231272114
CAAGACTGAGTAGA-1,9.398762,14.140793,2,B cells,B cells,0.9973358830261964
CAAGCTGACCATAG-1,-3.3239326,-1.968112,5,Non-classical monocytes,Non-classical monocytes,0.9975014085434972
CAAGCTGATCTATC-1,15.635124,-2.2359326,4,NK cells,CD16+ NK cells,0.1498579435148517
CAAGGACTGTTCAG-1,18.245352,2.2372863,0,Tcm/Naive cytotoxic T cells,Tcm/Naive helper T cells,0.9799919144729309
CAAGGACTTCTTTG-1,17.040058,-1.2250775,4,Tem/Trm cytotoxic T cells,CD16+ NK cells,0.9740760661364479
CAAGGTTGCTCCAC-1,17.009472,1.6558791,0,Regulatory T cells,Tcm/Naive helper T cells,0.9275755451187089
CAAGGTTGTCATTC-1,9.504515,15.868426,2,B cells,B cells,0.995498702142814
CAAGGTTGTCTGGA-1,14.2482195,-1.9513673,4,CD16+ NK cells,CD16+ NK cells,0.999979486369254
CAAGTCGAAACAGA-1,9.194846,15.611582,2,B cells,B cells,0.9999111786030497
CAAGTCGATAGCGT-1,-4.337322,0.42268586,3,Classical monocytes,Classical monocytes,0.9842505840946062
CAATAAACGCCATA-1,-5.637643,0.06788324,3,Classical monocytes,Classical monocytes,0.9268979187869025
CAATAATGAACTGC-1,-4.7262573,1.8830109,3,Classical monocytes,Classical monocytes,0.9879424820130253
CAATATGACATGGT-1,17.477598,2.4274502,0,Tcm/Naive helper T cells,Tcm/Naive helper T cells,0.5131523218237984
CAATATGACCTTCG-1,15.5396385,-2.8795273,4,NK cells,CD16+ NK cells,0.6641296868797841
CAATATGACGTTAG-1,18.856205,2.2911282,1,Regulatory T cells,Tcm/Naive helper T cells,0.4464717244260274
CAATATGAGGAGCA-1,16.367954,1.8242099,0,Tem/Effector helper T cells,Tcm/Naive helper T cells,0.9914461269187466
CAATCGGAGAAACA-1,16.529871,0.93178856,0,Tcm/Naive helper T cells,Tcm/Naive helper T cells,0.9867062430493669
CAATCTACTGACTG-1,15.100935,-1.4530596,4,CD16+ NK cells,CD16+ NK cells,0.8402067226919394
CAATTCACCCAACA-1,15.901864,-2.4546022,4,NKT cells,CD16+ NK cells,0.2720328796600104
CAATTCACGATAGA-1,17.242115,1.4006501,0,Tcm/Naive helper T cells,Tcm/Naive helper T cells,0.9564215257806393
CAATTCACTTGTGG-1,19.78671,-0.062406015,1,Tcm/Naive helper T cells,Tcm/Naive helper T cells,0.977198451901852
CAATTCTGCTTGTT-1,-3.7074163,0.29020935,3,Monocytes,Classical monocytes,0.8182896827138385
CAATTCTGGCGTAT-1,-4.211385,-0.44661176,3,Non-classical monocytes,Classical monocytes,0.996577930093144
CACAACGATACGAC-1,19.003965,2.87341,0,Tcm/Naive cytotoxic T cells,Tcm/Naive helper T cells,0.9939458428067303
CACAATCTTGTTCT-1,16.698145,0.27951184,0,CD8a/a,Tcm/Naive helper T cells,0.34425242233621434
CACAATCTTTCCAT-1,16.118666,0.51693887,0,MAIT cells,Tcm/Naive helper T cells,0.4099491623290228
CACACCTGCTTGAG-1,18.447802,1.3272294,0,Tcm/Naive helper T cells,Tcm/Naive helper T cells,0.5108997196398463
CACACCTGTATGGC-1,18.631914,-0.101371914,1,Tcm/Naive helper T cells,Tcm/Naive helper T cells,0.9203906109893193
CACAGAACCCTTGC-1,17.037615,0.12614487,2,B cells,B cells,0.7536966918993011
CACAGAACCTGATG-1,16.5766,1.0276457,0,Tem/Effector helper T cells,Tcm/Naive helper T cells,0.9342057230260675
CACAGATGGGATTC-1,17.37792,2.1216981,0,Tcm/Naive cytotoxic T cells,Tcm/Naive helper T cells,0.6957528201552694
CACAGATGGTTTCT-1,-3.8598104,1.4679961,3,Classical monocytes,Classical monocytes,0.9976347044976075
CACAGCCTGATACC-1,15.631735,0.8621834,0,Regulatory T cells,Tcm/Naive helper T cells,0.7388559485640099
CACAGCCTTGCCAA-1,-3.694819,-1.3111782,5,Non-classical monocytes,Non-classical monocytes,0.9995540574419056
CACAGCCTTGTAGC-1,17.210596,2.486196,0,Tcm/Naive helper T cells,Tcm/Naive helper T cells,0.9266369875769959
CACAGTGATGAAGA-1,-3.6772301,0.8860031,3,Classical monocytes,Classical monocytes,0.9315523292965999
CACATACTACAGCT-1,17.061457,-1.4501511,4,CD16+ NK cells,CD16+ NK cells,0.4454384732448633
CACATGGAACACGT-1,17.89331,2.135249,0,Tcm/Naive helper T cells,Tcm/Naive helper T cells,0.9901299624450933
CACATGGAAGTCGT-1,19.727652,1.566858,1,Tcm/Naive helper T cells,Tcm/Naive helper T cells,0.9742494937074864
CACCACTGCCAACA-1,19.269485,2.599632,0,Tcm/Naive helper T cells,Tcm/Naive helper T cells,0.8481939101901927
CACCACTGGCGAAG-1,14.189728,-0.9773397,4,NK cells,CD16+ NK cells,0.8715905187958095
CACCCATGTTCTGT-1,18.788439,-0.911258,1,Treg(diff),Tcm/Naive helper T cells,0.44034062179635136
CACCGGGAATCGAC-1,15.208693,2.051135,0,Tcm/Naive helper T cells,Tcm/Naive helper T cells,0.5762771915959253
CACCGGGACGAGAG-1,15.956227,-1.7422128,4,NK cells,CD16+ NK cells,0.5106183037032809
CACCGGGACGTGTA-1,18.762613,1.4581203,0,Tcm/Naive helper T cells,Tcm/Naive helper T cells,0.9006282734424401
CACCGGGACTTCTA-1,14.610748,2.5765011,8,Regulatory T cells,Tem/Trm cytotoxic T cells,0.9859467539503928
CACCGGGACTTGCC-1,15.998675,-2.1422524,4,NK cells,CD16+ NK cells,0.12038425694809371
CACCGGGATTCGGA-1,16.210495,-1.5221857,4,NK cells,CD16+ NK cells,0.11025005753214037
CACCGTACTAAGGA-1,9.07345,15.787515,2,B cells,B cells,0.9496473142093292
CACCGTACTAGCGT-1,19.052631,2.3915899,0,Tcm/Naive helper T cells,Tcm/Naive helper T cells,0.9922806465375333
CACCTGACACCCAA-1,16.339258,-2.2693233,4,NK cells,CD16+ NK cells,0.27895844267514375
CACCTGACCAGAAA-1,17.084496,0.9904794,0,Tem/Effector helper T cells,Tcm/Naive helper T cells,0.9768565251108803
CACCTGACCTCAAG-1,16.765776,-2.079848,4,Tem/Trm cytotoxic T cells,CD16+ NK cells,0.5200058095296489
CACCTGACGAAAGT-1,9.464771,14.562662,2,B cells,B cells,0.9965936542492947
CACCTGACTCGTAG-1,18.10258,0.77729344,0,Tcm/Naive helper T cells,Tcm/Naive helper T cells,0.99087767500807
CACGAAACTTCCGC-1,10.33356,14.4547,2,B cells,B cells,0.9975905533701042
CACGACCTCGATAC-1,9.386482,14.463778,2,B cells,B cells,0.982475678609172
CACGCTACAGAAGT-1,19.31578,-0.47063747,1,Tcm/Naive helper T cells,Tcm/Naive helper T cells,0.963154320167296
CACGCTACTGTTCT-1,9.584366,14.877932,2,B cells,B cells,0.9998025102052754
CACGCTACTTGACG-1,-5.3546095,0.040951584,3,Classical monocytes,Classical monocytes,0.8893409660664733
CACGGGACAGAGTA-1,18.406975,2.951971,0,Tcm/Naive helper T cells,Tcm/Naive helper T cells,0.9919888808544995
CACGGGACATAAGG-1,18.272808,1.2293158,0,Tcm/Naive helper T cells,Tcm/Naive helper T cells,0.9229831712951858
CACGGGACGTAGGG-1,16.541441,2.8896306,0,Tcm/Naive helper T cells,Tcm/Naive helper T cells,0.9634060315572681
CACGGGTGCTTCGC-1,16.148163,-2.6826398,4,NK cells,CD16+ NK cells,0.1888001800346878
CACGGGTGGAGGAC-1,15.93548,-1.1452563,4,CD16- NK cells,CD16+ NK cells,0.05600736096239034
CACGGGTGTGTTTC-1,19.461712,0.5104826,1,Tcm/Naive helper T cells,Tcm/Naive helper T cells,0.7436409239303515
CACTAACTCCTAAG-1,10.562483,14.205742,2,B cells,B cells,0.9977622562754327
CACTAACTGAAAGT-1,18.214033,3.4431975,0,Tcm/Naive helper T cells,Tcm/Naive helper T cells,0.7125064618402929
CACTAGGATGATGC-1,10.039174,15.972734,2,B cells,B cells,0.6743263929287642
CACTATACCCCGTT-1,10.42897,14.70693,2,B cells,B cells,0.9989489444638422
CACTATACGTTTGG-1,16.489473,-1.9770143,4,NK cells,CD16+ NK cells,0.46309561688297046
CACTGAGACAGTCA-1,-5.866335,0.5304209,3,Myelocytes,Classical monocytes,0.8407203380790336
CACTGCACTTCATC-1,17.554028,0.95849663,0,Tcm/Naive helper T cells,Tcm/Naive helper T cells,0.3319787218462624
CACTGCTGAGACTC-1,-3.3837876,-1.6122314,5,Non-classical monocytes,Non-classical monocytes,0.9993944824961746
CACTGCTGGAAAGT-1,16.097282,1.7570941,0,Regulatory T cells,Tcm/Naive helper T cells,0.43974345055054476
CACTTAACCGAATC-1,16.674133,1.8995128,0,Tem/Effector helper T cells,Tcm/Naive helper T cells,0.9517999730550707
CACTTAACCGTACA-1,10.092671,14.848767,2,B cells,B cells,0.9788823919440779
CACTTTGACTCTAT-1,16.962046,-1.0867987,4,Tem/Trm cytotoxic T cells,CD16+ NK cells,0.7730104910819084
CACTTTGAGCTGTA-1,17.940615,-1.2025021,4,Tem/Trm cytotoxic T cells,CD16+ NK cells,0.9991623678287781
CAGAAGCTCTCAAG-1,19.180021,0.6746546,1,Tcm/Naive cytotoxic T cells,Tcm/Naive helper T cells,0.9754993597051074
CAGACATGAACGGG-1,19.460365,1.7609998,1,Tcm/Naive helper T cells,Tcm/Naive helper T cells,0.9669302556852556
CAGACATGTCGACA-1,15.5365505,0.917735,0,Tem/Effector helper T cells,Tcm/Naive helper T cells,0.9634706167837188
CAGACCCTAAGGTA-1,-3.4954407,-1.8116715,5,Non-classical monocytes,Non-classical monocytes,0.9990269645136779
CAGACCCTAATGCC-1,18.250658,2.8688648,0,Tcm/Naive helper T cells,Tcm/Naive helper T cells,0.8137108372094973
CAGACCCTAGGAGC-1,17.142275,0.776324,0,Tcm/Naive cytotoxic T cells,Tcm/Naive helper T cells,0.5022652474297173
CAGACTGAGTATGC-1,18.196753,1.7469409,0,Tcm/Naive helper T cells,Tcm/Naive helper T cells,0.8295499247000528
CAGATCGAATGTCG-1,10.258383,14.386419,2,B cells,B cells,0.9996990441053553
CAGATCGACCTGAA-1,17.912376,-0.58156085,1,Tem/Trm cytotoxic T cells,Tcm/Naive helper T cells,0.3796347133082282
CAGATCGATATGGC-1,17.174534,3.0243447,0,Tcm/Naive helper T cells,Tcm/Naive helper T cells,0.8072837705761681
CAGATGACATTCTC-1,15.199072,-2.849429,4,CD16+ NK cells,CD16+ NK cells,0.9915205047369535
CAGCAATGCCTTCG-1,17.353504,2.6549246,0,Tcm/Naive helper T cells,Tcm/Naive helper T cells,0.7499421431450417
CAGCAATGGAGGGT-1,14.505652,-1.9937696,4,CD16+ NK cells,CD16+ NK cells,0.9814672993065066
CAGCAATGGTGCTA-1,17.379818,1.4988192,0,Tcm/Naive helper T cells,Tcm/Naive helper T cells,0.9556342116035977
CAGCAATGTCTACT-1,-5.1117563,1.3597772,3,Monocytes,Classical monocytes,0.6183565390046394
CAGCAATGTGACCA-1,16.754097,0.66536385,0,Regulatory T cells,Tcm/Naive helper T cells,0.9763763501936346
CAGCAATGTGAGGG-1,-5.857725,0.32858533,3,Classical monocytes,Classical monocytes,0.9379899185179487
CAGCACCTAAGCCT-1,17.778385,2.1283667,0,Tcm/Naive helper T cells,Tcm/Naive helper T cells,0.8311010612260267
CAGCACCTAGGCGA-1,18.863644,0.4732047,1,Tcm/Naive cytotoxic T cells,Tcm/Naive helper T cells,0.6543690837200064
CAGCACCTGTAGGG-1,-3.1139882,0.78519183,3,Classical monocytes,Classical monocytes,0.9962101498385594
CAGCATGACAACCA-1,-3.340425,1.3717936,3,Classical monocytes,Classical monocytes,0.9823944216501277
CAGCATGAGACGTT-1,16.215242,-0.17493547,4,MAIT cells,CD16+ NK cells,0.3029943895837187
CAGCCTACCCAACA-1,15.853565,1.0105233,0,Tem/Effector helper T cells,Tcm/Naive helper T cells,0.8644057554609428
CAGCCTTGCTACCC-1,-4.689538,0.61310333,3,Classical monocytes,Classical monocytes,0.9982850570278982
CAGCCTTGGGGACA-1,16.085585,2.0700839,0,Tem/Effector helper T cells,Tcm/Naive helper T cells,0.6711015290773409
CAGCGGACACCCTC-1,18.184992,1.8556563,0,Tcm/Naive helper T cells,Tcm/Naive helper T cells,0.975826380630762
CAGCGGACCTTTAC-1,14.821307,-2.4409366,4,CD16+ NK cells,CD16+ NK cells,0.9999415840455144
CAGCGTCTAAAGCA-1,16.702902,1.5011253,0,Tcm/Naive helper T cells,Tcm/Naive helper T cells,0.4352678993846758
CAGCGTCTTATCGG-1,17.667233,1.2336745,1,Tem/Effector helper T cells,Tcm/Naive helper T cells,0.5570363416075031
CAGCTAGATGTGAC-1,-5.375807,0.6781381,3,Classical monocytes,Classical monocytes,0.9588850161464391
CAGCTCTGAGGCGA-1,16.815285,2.2329602,0,Tem/Effector helper T cells,Tcm/Naive helper T cells,0.6711425233455204
CAGCTCTGCAAGCT-1,15.862008,-1.5097095,4,Trm cytotoxic T cells,CD16+ NK cells,0.17218598152560866
CAGCTCTGTCGTAG-1,-2.9116096,0.6397411,3,Classical monocytes,Classical monocytes,0.842772862009668
CAGCTCTGTGTGGT-1,14.614023,-2.9698286,4,CD16+ NK cells,CD16+ NK cells,0.9998126912738967
CAGGAACTAACTGC-1,16.942104,-0.6811829,4,Tem/Trm cytotoxic T cells,CD16+ NK cells,0.7789016955067318
CAGGAACTCTCAGA-1,-4.79825,1.366913,3,Classical monocytes,Classical monocytes,0.8553713295075291
CAGGCCGAACACCA-1,17.422579,2.67226,0,Tcm/Naive helper T cells,Tcm/Naive helper T cells,0.9602232518049962
CAGGCCGAACACGT-1,15.597651,2.5856202,0,Tcm/Naive helper T cells,Tcm/Naive helper T cells,0.5260918503891908
CAGGCCGAACGACT-1,18.061775,1.612869,1,Tem/Effector helper T cells,Tcm/Naive helper T cells,0.315453812027106
CAGGCCGAATCTCT-1,-4.441879,-0.79949063,5,Non-classical monocytes,Non-classical monocytes,0.9979110266915839
CAGGCCGACTAGCA-1,8.986109,15.169354,2,B cells,B cells,0.9576694993743413
CAGGGCACCATACG-1,9.628964,14.865119,2,B cells,B cells,0.9989705838228993
CAGGGCACCCAACA-1,19.1765,2.1157382,0,B cells,Tcm/Naive helper T cells,0.4400232870964253
CAGGGCACTCCCGT-1,15.747503,1.4514585,0,Regulatory T cells,Tcm/Naive helper T cells,0.20686669678230662
CAGGTAACAGACTC-1,-3.7853498,0.1550073,3,Non-classical monocytes,Classical monocytes,0.45782456712175906
CAGGTATGAGTCGT-1,17.140799,1.4378041,0,Tem/Effector helper T cells,Tcm/Naive helper T cells,0.9817633724732142
CAGGTATGTGCTTT-1,15.599236,3.062167,0,Regulatory T cells,Tcm/Naive helper T cells,0.9610175826367581
CAGGTTGAGGATCT-1,10.266746,13.52473,2,B cells,B cells,0.9924401812753599
CAGTGATGGACGGA-1,9.046044,15.044985,2,B cells,B cells,0.9979622963430457
CAGTGATGGCTAAC-1,16.172737,-2.629794,4,Tem/Temra cytotoxic T cells,CD16+ NK cells,0.6450359905674488
CAGTGATGGGACAG-1,16.510141,2.0316455,0,Tcm/Naive helper T cells,Tcm/Naive helper T cells,0.8621945638698078
CAGTGATGTAAGGA-1,10.045938,14.777427,2,B cells,B cells,0.9964195850379705
CAGTGATGTACGCA-1,11.030215,15.27193,2,B cells,B cells,0.8605492316358401
CAGTGTGAACACGT-1,17.839342,-1.1765233,4,CD16+ NK cells,CD16+ NK cells,0.35233274607086085
CAGTGTGATGTCAG-1,19.05156,0.39225772,1,Tcm/Naive helper T cells,Tcm/Naive helper T cells,0.9796488292415092
CAGTTACTAAGGTA-1,9.99024,14.629754,2,B cells,B cells,0.9495250651518513
CAGTTACTGATAGA-1,15.860595,2.1419468,0,Tcm/Naive helper T cells,Tcm/Naive helper T cells,0.3902333813319935
CAGTTGGAAAGAGT-1,-2.9739215,0.17841728,3,Non-classical monocytes,Classical monocytes,0.8866719161534571
CAGTTGGACATACG-1,18.544868,2.3649569,0,Tcm/Naive helper T cells,Tcm/Naive helper T cells,0.9964820912972312
CAGTTTACACACGT-1,14.741908,-2.672986,4,CD16+ NK cells,CD16+ NK cells,0.7106719948416833
CAGTTTACCCCAAA-1,19.587097,1.2832358,1,Tcm/Naive cytotoxic T cells,Tcm/Naive helper T cells,0.9893928442840788
CATAAAACGGAGCA-1,-4.8926344,2.016957,3,Classical monocytes,Classical monocytes,0.9976303141324083
CATAAATGAACTGC-1,19.875816,1.3837341,1,Tcm/Naive helper T cells,Tcm/Naive helper T cells,0.9926355488825332
CATAACCTTCTCCG-1,17.427643,2.1450224,0,Tcm/Naive helper T cells,Tcm/Naive helper T cells,0.7715483419234692
CATACTACCTCGAA-1,20.038128,1.6286458,1,Tcm/Naive cytotoxic T cells,Tcm/Naive helper T cells,0.5556140616853166
CATACTACCTGAAC-1,18.608566,2.8372314,0,Tcm/Naive helper T cells,Tcm/Naive helper T cells,0.5431130067364502
CATACTACGTACCA-1,-4.54568,-0.16548562,3,Non-classical monocytes,Classical monocytes,0.6320947392973233
CATACTTGGGTTAC-1,-3.4786334,-2.3015177,5,Non-classical monocytes,Non-classical monocytes,0.9848041825927217
CATAGTCTAATCGC-1,18.975334,1.7722111,0,Tem/Effector helper T cells,Tcm/Naive helper T cells,0.7577593169105697
CATAGTCTCACTTT-1,17.356766,2.3193998,0,Tcm/Naive helper T cells,Tcm/Naive helper T cells,0.7750795471020238
CATATAGACTAAGC-1,-1.9398973,2.3962705,6,DC,DC,0.5105202775299712
CATATAGATCAGGT-1,9.090434,14.517873,2,B cells,B cells,0.9827328815167029
CATCAACTAGAAGT-1,16.143473,1.4495298,0,Regulatory T cells,Tcm/Naive helper T cells,0.38780697069855313
CATCAACTCCCTCA-1,17.115751,1.8958741,0,Tcm/Naive helper T cells,Tcm/Naive helper T cells,0.7865765798680632
CATCAGGACTTCCG-1,14.071469,-2.6710017,4,CD16+ NK cells,CD16+ NK cells,0.9988227072221572
CATCAGGATAGCCA-1,15.128311,-2.6225367,4,CD16+ NK cells,CD16+ NK cells,0.9953073390198717
CATCAGGATCCTAT-1,-2.7196457,-2.0486434,5,Non-classical monocytes,Non-classical monocytes,0.9991964269561072
CATCAGGATGCACA-1,-3.4766912,-0.16919802,3,Non-classical monocytes,Classical monocytes,0.9868187625623562
CATCAGGATTTCGT-1,-5.517193,1.4430237,3,Classical monocytes,Classical monocytes,0.9974727693745612
CATCATACCGCATA-1,-2.6896663,-0.030387122,3,Classical monocytes,Classical monocytes,0.6568796687291829
CATCATACGGAGCA-1,9.657193,14.921979,2,B cells,B cells,0.8155461834138569
CATCATACTCAAGC-1,17.921541,2.999441,0,Tcm/Naive cytotoxic T cells,Tcm/Naive helper T cells,0.9994478269347234
CATCGCTGGGATCT-1,16.115412,2.2142694,0,Tem/Effector helper T cells,Tcm/Naive helper T cells,0.8787130996912882
CATCGCTGTGGCAT-1,9.577901,15.852568,2,B cells,B cells,0.9753489833695366
CATCGGCTATGCTG-1,17.398268,3.0480084,0,Regulatory T cells,Tcm/Naive helper T cells,0.8196051688883429
CATCGGCTTTGGCA-1,17.91006,0.30352494,0,Tcm/Naive helper T cells,Tcm/Naive helper T cells,0.5691919098019703
CATCTCCTATGTGC-1,9.438276,15.2280855,2,B cells,B cells,0.9530066318413233
CATCTCCTCGAACT-1,-3.2963574,-1.2263771,5,Classical monocytes,Non-classical monocytes,0.9108275691811236
CATGAGACACGGGA-1,9.942687,14.885985,2,B cells,B cells,0.9949030758041268
CATGAGACGTTGAC-1,14.049379,-2.5745173,4,CD16+ NK cells,CD16+ NK cells,0.999867830143545
CATGAGACTCGCCT-1,18.885567,1.2164525,0,Tem/Effector helper T cells,Tcm/Naive helper T cells,0.928337256981439
CATGCCACGGGTGA-1,18.718046,0.46065566,1,Tcm/Naive cytotoxic T cells,Tcm/Naive helper T cells,0.6314891656466683
CATGCCACTGCCAA-1,15.826719,1.9557258,0,Tcm/Naive helper T cells,Tcm/Naive helper T cells,0.9881078226696367
CATGCGCTAGTCAC-1,-3.2283351,-1.9966966,5,Non-classical monocytes,Non-classical monocytes,0.9982740432368051
CATGCGCTCAGATC-1,-5.1276937,1.61887,3,Classical monocytes,Classical monocytes,0.9948532458209449
CATGCGCTTTGCAG-1,-2.9659233,-2.5045063,5,Non-classical monocytes,Non-classical monocytes,0.9983181703426874
CATGGCCTAGGGTG-1,-5.9727154,0.75755304,3,Classical monocytes,Classical monocytes,0.8754215868186709
CATGGCCTGTGCAT-1,18.26847,0.27346274,0,Tcm/Naive cytotoxic T cells,Tcm/Naive helper T cells,0.9723682682364091
CATGTACTATCGTG-1,15.65873,-1.6954173,4,Tem/Temra cytotoxic T cells,CD16+ NK cells,0.2096665302324379
CATGTTACAGTCGT-1,16.77366,-1.2034682,4,Tem/Trm cytotoxic T cells,CD16+ NK cells,0.6349119178530611
CATGTTACCTGAGT-1,17.99752,0.3214892,0,Tcm/Naive cytotoxic T cells,Tcm/Naive helper T cells,0.521521321540502
CATGTTTGGGGATG-1,-4.2995777,1.5809209,3,Classical monocytes,Classical monocytes,0.9731238014756596
CATTACACACGGAG-1,10.30822,15.379781,2,Naive B cells,B cells,0.8527783745563031
CATTACACCAACTG-1,14.621887,-2.894288,4,CD16+ NK cells,CD16+ NK cells,0.9999503812395887
CATTACACGGAGTG-1,17.00124,2.6283097,0,Tcm/Naive helper T cells,Tcm/Naive helper T cells,0.6803263980268897
CATTACACTACTCT-1,18.720392,1.833344,0,Tcm/Naive cytotoxic T cells,Tcm/Naive helper T cells,0.9498109006944561
CATTAGCTCCACAA-1,-3.3341522,0.42502487,3,Classical monocytes,Classical monocytes,0.979682500076167
CATTGACTAGCGGA-1,-4.6340833,1.2043899,3,Classical monocytes,Classical monocytes,0.9397199337200012
CATTGGGACTCGAA-1,16.445677,0.71247315,0,Tem/Effector helper T cells,Tcm/Naive helper T cells,0.08025222378960126
CATTGTACAGCGTT-1,19.206747,1.4737822,0,Tcm/Naive cytotoxic T cells,Tcm/Naive helper T cells,0.9976907159522652
CATTGTACTCGATG-1,10.875717,15.044242,2,B cells,B cells,0.9918204030210384
CATTGTACTTATCC-1,18.744843,0.2778557,1,Tem/Effector helper T cells,Tcm/Naive helper T cells,0.9422551428506272
CATTGTACTTTGCT-1,-2.7959647,-1.1346456,5,Non-classical monocytes,Non-classical monocytes,0.9998244224892812
CATTGTTGCTAGTG-1,18.145712,1.1834185,0,Tcm/Naive helper T cells,Tcm/Naive helper T cells,0.9342021328077876
CATTTCGACTCTAT-1,16.874228,-1.248728,4,Tem/Trm cytotoxic T cells,CD16+ NK cells,0.9225104811433695
CATTTCGAGATACC-1,14.450377,-3.049907,4,CD16+ NK cells,CD16+ NK cells,0.9991533851109824
CATTTGACCACACA-1,17.130075,-1.610189,4,Tem/Trm cytotoxic T cells,CD16+ NK cells,0.9987772717626198
CATTTGACCCTGAA-1,15.459433,-0.3831172,4,Tem/Trm cytotoxic T cells,CD16+ NK cells,0.9744171391821879
CATTTGTGACGACT-1,10.655925,14.521052,2,B cells,B cells,0.987039103767235
CATTTGTGCATTGG-1,18.602814,1.5156953,1,Tcm/Naive cytotoxic T cells,Tcm/Naive helper T cells,0.4563888536057451
CATTTGTGCGGAGA-1,18.31648,2.8475232,0,Tcm/Naive cytotoxic T cells,Tcm/Naive helper T cells,0.9869489073648312
CATTTGTGGGATCT-1,9.994213,14.04045,2,B cells,B cells,0.9999806874312824
CCAAAGTGCTACGA-1,-2.263789,0.32523414,3,Classical monocytes,Classical monocytes,0.7802909729118197
CCAAAGTGTGAGAA-1,-5.516609,0.34381607,3,Classical monocytes,Classical monocytes,0.9159723514294182
CCAACCTGAAGTAG-1,16.055878,-2.348903,4,Regulatory T cells,CD16+ NK cells,0.5891232698078439
CCAACCTGACGTAC-1,-4.6041245,1.9308025,3,Classical monocytes,Classical monocytes,0.9976001764540392
CCAACCTGTTCGCC-1,-4.2209125,1.2633017,3,Tcm/Naive cytotoxic T cells,Classical monocytes,0.811275458629501
CCAAGAACCCAATG-1,17.608337,0.36706293,0,Regulatory T cells,Tcm/Naive helper T cells,0.44310703100922194
CCAAGAACGTAGCT-1,15.969854,1.2959114,0,Tcm/Naive helper T cells,Tcm/Naive helper T cells,0.5076371762898196
CCAAGAACGTGTCA-1,17.273611,1.2608949,0,Tcm/Naive helper T cells,Tcm/Naive helper T cells,0.6426511702081594
CCAAGAACTACTGG-1,16.16426,-2.1026897,4,NK cells,CD16+ NK cells,0.15740560365971887
CCAAGAACTCCTAT-1,11.047407,15.412065,2,Tem/Trm cytotoxic T cells,B cells,0.1415197813683885
CCAAGATGTCATTC-1,19.099222,2.3831756,1,Regulatory T cells,Tcm/Naive helper T cells,0.2855079758669795
CCAAGATGTTTCAC-1,17.582935,0.6769661,0,Regulatory T cells,Tcm/Naive helper T cells,0.9926448942026431
CCAAGTGAGGAACG-1,19.272438,1.4370035,1,Tcm/Naive cytotoxic T cells,Tcm/Naive helper T cells,0.9874285011533193
CCAAGTGATCAAGC-1,17.542183,2.532149,0,Tcm/Naive helper T cells,Tcm/Naive helper T cells,0.4112324636695616
CCAATGGAACAGCT-1,-5.0687814,0.27399257,3,Classical monocytes,Classical monocytes,0.9205759712921914
CCAATTTGAACGTC-1,-3.6354961,0.4888168,3,Classical monocytes,Classical monocytes,0.9898057949797111
CCACCATGAACGTC-1,19.489574,2.0620008,1,Tcm/Naive helper T cells,Tcm/Naive helper T cells,0.9975994703942982
CCACCATGATCGGT-1,19.151567,1.5488315,0,Tcm/Naive helper T cells,Tcm/Naive helper T cells,0.8754344082409247
CCACCATGGACGAG-1,-2.754035,-1.3829688,5,Non-classical monocytes,Non-classical monocytes,0.9999450787269017
CCACCATGGGGAGT-1,18.897526,0.9295763,1,Tcm/Naive helper T cells,Tcm/Naive helper T cells,0.9135275785022645
CCACCATGTCCTGC-1,16.822897,-2.371544,4,NK cells,CD16+ NK cells,0.16070019474178246
CCACTGACCCGCTT-1,-5.0762773,0.9511358,3,Classical monocytes,Classical monocytes,0.9876691344987314
CCACTGTGGGAAGC-1,-5.7602177,1.5775315,3,Classical monocytes,Classical monocytes,0.9851003198754436
CCACTGTGTGTAGC-1,18.58878,2.2336452,1,Tcm/Naive helper T cells,Tcm/Naive helper T cells,0.4445898692397102
CCACTTCTCGGGAA-1,-3.9515934,0.51552135,3,Non-classical monocytes,Classical monocytes,0.8991741294544374
CCAGAAACCCTGTC-1,9.216076,15.565628,2,B cells,B cells,0.9695518567453453
CCAGAAACGAACTC-1,16.382292,3.0884588,0,Tem/Effector helper T cells,Tcm/Naive helper T cells,0.6113464974670353
CCAGAAACGGTCTA-1,18.19004,1.126196,0,Tcm/Naive helper T cells,Tcm/Naive helper T cells,0.9985160830391798
CCAGACCTCTGAGT-1,-6.0252624,0.29171214,3,B cells,Classical monocytes,0.8684926579229642
CCAGACCTTGTGGT-1,17.106993,0.85694385,0,Tcm/Naive helper T cells,Tcm/Naive helper T cells,0.8032991243232362
CCAGCACTGCGATT-1,-3.4296892,-1.0758352,5,Non-classical monocytes,Non-classical monocytes,0.988782806487
CCAGCGGAAAGGCG-1,-5.3385115,1.2874061,3,Classical monocytes,Classical monocytes,0.9641373750727632
CCAGCGGACGACTA-1,-4.5031896,1.5229654,3,Classical monocytes,Classical monocytes,0.9931729940922093
CCAGCGGATGGGAG-1,17.658072,2.2621949,0,Tcm/Naive helper T cells,Tcm/Naive helper T cells,0.690173488364434
CCAGCTACACAGTC-1,17.05989,0.79496676,0,Tcm/Naive helper T cells,Tcm/Naive helper T cells,0.9990486875462362
CCAGCTACCAGCTA-1,9.332401,15.442205,2,B cells,B cells,0.9996050745381991
CCAGGTCTACACCA-1,10.309253,15.448129,2,B cells,B cells,0.99480651500913
CCAGGTCTAGCATC-1,-4.190723,0.9817617,3,Classical monocytes,Classical monocytes,0.9133518063202379
CCAGGTCTATGGTC-1,18.421186,2.6401799,0,Tcm/Naive helper T cells,Tcm/Naive helper T cells,0.9220622493874913
CCAGTCACACTGGT-1,-4.7868156,1.2306143,3,Classical monocytes,Classical monocytes,0.7861991612647405
CCAGTCACACTGTG-1,9.149491,15.543937,2,B cells,B cells,0.9825699493227465
CCAGTCACGTTGTG-1,17.934856,1.756033,0,Tcm/Naive cytotoxic T cells,Tcm/Naive helper T cells,0.901635075549729
CCAGTCTGCGGAGA-1,13.647679,2.7186606,8,B cells,Tem/Trm cytotoxic T cells,0.24564736500589837
CCAGTGCTAACCAC-1,15.663375,3.0418549,0,Tcm/Naive helper T cells,Tcm/Naive helper T cells,0.8054083694038312
CCAGTGCTCGTAGT-1,16.647793,0.70016235,0,Tcm/Naive helper T cells,Tcm/Naive helper T cells,0.6866397592682473
CCATCCGAAAGCAA-1,18.143936,0.023827797,4,Double-positive thymocytes,CD16+ NK cells,0.4039619314305421
CCATCCGAACGACT-1,17.55924,-1.1523248,4,Tcm/Naive helper T cells,CD16+ NK cells,0.5875107132377628
CCATCCGAAGGTTC-1,9.986407,15.687684,2,B cells,B cells,0.9696135835491961
CCATCCGATTCGCC-1,-5.190344,0.25945702,3,Classical monocytes,Classical monocytes,0.9965132656150572
CCATCGTGAACGGG-1,15.271952,1.776891,0,Regulatory T cells,Tcm/Naive helper T cells,0.3256573971547448
CCATCGTGCTAGAC-1,-3.5762525,-1.0404093,5,Non-classical monocytes,Non-classical monocytes,0.9953335174625968
CCCAACACCTCGCT-1,10.386408,14.000362,2,B cells,B cells,0.9364787637112256
CCCAACACGCATCA-1,17.552876,3.1300745,0,Tcm/Naive helper T cells,Tcm/Naive helper T cells,0.9979584133230469
CCCAACACTTTGTC-1,-2.6893692,1.0287313,3,Classical monocytes,Classical monocytes,0.5246153227424319
CCCAACTGCAATCG-1,-5.562564,0.47325036,3,Classical monocytes,Classical monocytes,0.8355849285607553
CCCAGACTGCCTTC-1,-2.5594366,-0.37719595,3,Non-classical monocytes,Classical monocytes,0.9285947653971772
CCCAGACTGGTTTG-1,10.660253,14.15504,2,B cells,B cells,0.922467542717265
CCCAGACTTTCGCC-1,-3.0739193,-1.3818316,5,Non-classical monocytes,Non-classical monocytes,0.9997851603532864
CCCAGTTGCAGTTG-1,-2.745499,0.65316075,3,Classical monocytes,Classical monocytes,0.8115251826726796
CCCAGTTGGGTACT-1,17.148697,2.3638387,0,Tem/Effector helper T cells,Tcm/Naive helper T cells,0.32379990168051637
CCCAGTTGTCTATC-1,9.645786,14.966895,2,Naive B cells,B cells,0.950405640333957
CCCGATTGTGTTTC-1,17.567324,1.8822281,0,Tcm/Naive helper T cells,Tcm/Naive helper T cells,0.87878647990752
CCCGGAGAAGGGTG-1,-6.0627003,0.635109,3,Classical monocytes,Classical monocytes,0.9946539714583682
CCCTACGAATTGGC-1,-4.5429783,0.7207844,3,Classical monocytes,Classical monocytes,0.9960471278332141
CCCTAGTGCAAAGA-1,15.820521,1.4736483,0,B cells,Tcm/Naive helper T cells,0.24704158114931749
CCCTCAGACACTTT-1,9.47328,14.110913,2,B cells,B cells,0.7786010494429112
CCCTCAGACGAGAG-1,17.666964,1.7567384,0,Tcm/Naive helper T cells,Tcm/Naive helper T cells,0.9955037893571795
CCCTCAGAGGTCAT-1,19.297564,0.73583394,1,Tcm/Naive helper T cells,Tcm/Naive helper T cells,0.997428807964219
CCCTGAACTAAAGG-1,10.405304,15.412294,2,B cells,B cells,0.9986965796601703
CCCTGATGCAACCA-1,18.742962,1.2009118,0,Tcm/Naive helper T cells,Tcm/Naive helper T cells,0.3156791522777452
CCCTGATGCAAGCT-1,9.10239,14.61865,2,B cells,B cells,0.9982228737096238
CCCTTACTAACCAC-1,-2.8973734,1.5491668,3,Classical monocytes,Classical monocytes,0.9994705662318769
CCCTTACTGCAGTT-1,17.703346,-0.857594,4,MAIT cells,CD16+ NK cells,0.8029315315439534
CCGAAAACCTTGTT-1,-2.469989,-0.6789241,3,Non-classical monocytes,Classical monocytes,0.8908075044675916
CCGACACTGGTTTG-1,16.457108,1.7999922,0,Tcm/Naive helper T cells,Tcm/Naive helper T cells,0.8441968598416527
CCGACTACCCAGTA-1,-2.8927832,1.1176761,3,Classical monocytes,Classical monocytes,0.9326203129882409
CCGACTACCGTGTA-1,19.826082,0.11501428,1,Tcm/Naive helper T cells,Tcm/Naive helper T cells,0.9943155069718547
CCGACTACTGAGGG-1,17.279943,2.2796962,0,Tcm/Naive cytotoxic T cells,Tcm/Naive helper T cells,0.9694943707543197
CCGATAGACCTAAG-1,19.945473,0.21836783,1,Tcm/Naive cytotoxic T cells,Tcm/Naive helper T cells,0.9738424764983921
CCGATAGAGTTGGT-1,-3.5429811,-0.54488313,3,Non-classical monocytes,Classical monocytes,0.923682248616894
CCGCGAGACACACA-1,-3.638959,1.5730835,3,Classical monocytes,Classical monocytes,0.9671423826471804
CCGCGAGAGGTTCA-1,16.373493,-0.66323876,4,MAIT cells,CD16+ NK cells,0.7689444820771322
CCGCTATGGGACGA-1,8.992988,14.763967,2,Naive B cells,B cells,0.9212192517604696
CCGCTATGTGCAAC-1,-3.034263,0.8033118,3,Classical monocytes,Classical monocytes,0.9790692726783663
CCGCTATGTGCACA-1,-4.0607624,1.2807287,3,Classical monocytes,Classical monocytes,0.9896321883207758
CCGGTACTGTCCTC-1,17.383123,2.3784993,0,Tcm/Naive cytotoxic T cells,Tcm/Naive helper T cells,0.9786383341153699
CCGTACACAAGCAA-1,19.249392,1.999573,1,Follicular helper T cells,Tcm/Naive helper T cells,0.26294798931597746
CCGTACACAGCGTT-1,10.521295,14.779528,2,B cells,B cells,0.9512945496587686
CCGTACACGTCATG-1,16.167343,-2.2042246,4,NKT cells,CD16+ NK cells,0.45374446215189557
CCGTACACGTTGGT-1,-2.818317,1.2854787,3,Classical monocytes,Classical monocytes,0.9866734857517072
CCGTACACTAACGC-1,16.265842,0.32895312,4,MAIT cells,CD16+ NK cells,0.8115183403945941
CCTAAACTTTCGTT-1,18.704563,1.8553451,0,Tcm/Naive cytotoxic T cells,Tcm/Naive helper T cells,0.438382893960926
CCTAAGGACCCAAA-1,19.167454,1.8380295,1,Tcm/Naive helper T cells,Tcm/Naive helper T cells,0.8461363902027759
CCTAAGGACTAGCA-1,-4.7086926,1.1423845,3,Classical monocytes,Classical monocytes,0.9969952837901421
CCTAAGGAGGGCAA-1,18.211006,-0.36360732,4,MAIT cells,CD16+ NK cells,0.8385583478864687
CCTAAGGATGATGC-1,17.680225,3.2080395,0,Tcm/Naive helper T cells,Tcm/Naive helper T cells,0.44512305870485996
CCTAAGGATGTCAG-1,17.827217,0.9432841,0,Tcm/Naive helper T cells,Tcm/Naive helper T cells,0.960477578981541
CCTACCGACTCTTA-1,19.024208,1.0755436,1,Tcm/Naive helper T cells,Tcm/Naive helper T cells,0.9923156420552884
CCTACCGAGGGATG-1,9.938322,14.8555355,2,B cells,B cells,0.9680097306828387
CCTAGAGAGGTGAG-1,9.373849,15.31857,2,B cells,B cells,0.9986621541518261
CCTATAACCAAAGA-1,18.210388,1.3917779,0,Tcm/Naive cytotoxic T cells,Tcm/Naive helper T cells,0.9728290727568248
CCTATAACGAGACG-1,-4.4044623,-0.95336074,5,Non-classical monocytes,Non-classical monocytes,0.9967274587245425
CCTATAACTCAGAC-1,18.82662,1.734885,0,Tcm/Naive helper T cells,Tcm/Naive helper T cells,0.7174838056040241
CCTATAACTGCATG-1,-4.361781,-1.2435862,5,Non-classical monocytes,Non-classical monocytes,0.9998664668522579
CCTCGAACACTTTC-1,14.897713,-2.9016116,4,CD16+ NK cells,CD16+ NK cells,0.9995923874789948
CCTCGAACCCGTAA-1,-4.4218483,-0.47288132,3,Non-classical monocytes,Classical monocytes,0.9773405224026033
CCTCGAACGTATCG-1,17.534649,1.4869891,0,Tcm/Naive helper T cells,Tcm/Naive helper T cells,0.3936099185114881
CCTCGAACTTACTC-1,17.148993,0.21912366,0,Tem/Effector helper T cells,Tcm/Naive helper T cells,0.9276673140303966
CCTCTACTCTTCGC-1,-3.9163759,1.7441672,3,Classical monocytes,Classical monocytes,0.9125329158037657
CCTCTACTGGCATT-1,18.035004,0.73396856,0,Tcm/Naive cytotoxic T cells,Tcm/Naive helper T cells,0.848700788104772
CCTGACTGAAGTAG-1,17.142384,-1.0253903,4,MAIT cells,CD16+ NK cells,0.9201136006648472
CCTGACTGGGGAGT-1,19.262524,0.5367142,1,Tcm/Naive cytotoxic T cells,Tcm/Naive helper T cells,0.9668859504761761
CCTGACTGTGTCTT-1,9.827902,15.288104,2,B cells,B cells,0.9915812709906662
CCTGCAACACGTTG-1,-4.3671927,0.939422,3,Classical monocytes,Classical monocytes,0.7279183835334465
CCTGGACTCGTGAT-1,18.690338,1.9066248,1,Tcm/Naive helper T cells,Tcm/Naive helper T cells,0.556659452937679
CCTTAATGCCCAAA-1,9.696037,14.827493,2,Naive B cells,B cells,0.8120849715995583
CCTTAATGTTCTAC-1,-3.2016354,-0.9972562,5,Non-classical monocytes,Non-classical monocytes,0.9784977624083944
CCTTCACTACGACT-1,17.695055,3.5760934,0,Tcm/Naive helper T cells,Tcm/Naive helper T cells,0.43027698562681427
CCTTCACTCAGTCA-1,10.392879,14.028891,2,B cells,B cells,0.9018320458055517
CCTTCACTGGAGTG-1,-5.302869,1.4260337,3,Classical monocytes,Classical monocytes,0.9884007458166667
CCTTTAGATTCATC-1,-2.9272156,0.9469202,3,Classical monocytes,Classical monocytes,0.962078704320944
CGAACATGCCCTAC-1,-3.5809534,0.42482254,3,Non-classical monocytes,Classical monocytes,0.4373818588014894
CGAACATGTCAGAC-1,16.07303,1.491864,0,Tem/Effector helper T cells,Tcm/Naive helper T cells,0.8567016987593737
CGAAGACTGGAACG-1,16.69163,-0.37333068,4,MAIT cells,CD16+ NK cells,0.9722888492875821
CGAAGACTGTTACG-1,16.854652,2.6767101,0,Tcm/Naive helper T cells,Tcm/Naive helper T cells,0.46232435554885726
CGAAGGGAAACCTG-1,15.917787,-1.5553141,4,Tem/Trm cytotoxic T cells,CD16+ NK cells,0.12150576697164552
CGAAGGGATCCGAA-1,11.019707,14.50177,2,B cells,B cells,0.9142085498203223
CGAAGTACCAACTG-1,10.119942,15.222875,2,B cells,B cells,0.7792972125045757
CGAATCGAGGAGCA-1,-5.759056,0.0051662372,3,Classical monocytes,Classical monocytes,0.8965810978794962
CGAATCGAGGAGGT-1,19.33962,1.944371,1,Tcm/Naive helper T cells,Tcm/Naive helper T cells,0.8107458756022322
CGACAAACCCATAG-1,17.31466,1.4260473,0,Tcm/Naive helper T cells,Tcm/Naive helper T cells,0.23549632656659578
CGACAAACCGACAT-1,10.654085,14.394861,2,B cells,B cells,0.9804477195768481
CGACCACTAAAGTG-1,14.44202,-2.5728793,4,CD16+ NK cells,CD16+ NK cells,0.9998370543088554
CGACCACTGCCAAT-1,14.675253,-3.0110357,4,CD16+ NK cells,CD16+ NK cells,0.9952758321715321
CGACCGGAAGGTCT-1,18.464346,2.5257852,0,Tcm/Naive helper T cells,Tcm/Naive helper T cells,0.9566397431991123
CGACCGGATGGAAA-1,16.001057,2.0603042,0,Regulatory T cells,Tcm/Naive helper T cells,0.44283833470196715
CGACCTTGCTAGTG-1,16.25747,1.1016917,0,Tcm/Naive helper T cells,Tcm/Naive helper T cells,0.4026692990335521
CGACCTTGGCAAGG-1,19.185003,-0.34299523,1,Tcm/Naive helper T cells,Tcm/Naive helper T cells,0.8435991009396251
CGACGTCTATCGTG-1,17.78329,-0.009295594,1,Tcm/Naive cytotoxic T cells,Tcm/Naive helper T cells,0.13082160144780888
CGACGTCTCGTGTA-1,17.583162,0.514194,0,Tem/Effector helper T cells,Tcm/Naive helper T cells,0.9891523271323771
CGACGTCTGAGGCA-1,18.982094,-0.30793086,1,Tcm/Naive helper T cells,Tcm/Naive helper T cells,0.2868851541991928
CGACTCACGTCGTA-1,17.754002,2.7388937,0,Tcm/Naive helper T cells,Tcm/Naive helper T cells,0.6547750919557653
CGACTCACGTTGCA-1,18.37426,0.2245894,1,Tcm/Naive cytotoxic T cells,Tcm/Naive helper T cells,0.7225407951289422
CGACTCTGTGTGAC-1,15.291057,1.4161143,0,Tem/Effector helper T cells,Tcm/Naive helper T cells,0.2098795695190191
CGACTGCTTCCTCG-1,-4.3179235,1.4300992,3,Classical monocytes,Classical monocytes,0.9978392752016957
CGAGAACTAAGGCG-1,16.67238,-2.0241015,4,Tem/Temra cytotoxic T cells,CD16+ NK cells,0.871257123353898
CGAGAACTACGTTG-1,19.645311,1.6327431,1,Tcm/Naive helper T cells,Tcm/Naive helper T cells,0.9963898432972088
CGAGAACTTGTTCT-1,-3.3247604,1.4524074,3,Classical monocytes,Classical monocytes,0.8929626698436289
CGAGATTGGACACT-1,16.331188,-2.400981,4,Double-positive thymocytes,CD16+ NK cells,0.6806238720091646
CGAGATTGGCCATA-1,16.481876,-2.2193906,4,NK cells,CD16+ NK cells,0.4859972570164708
CGAGCCGAACACCA-1,17.519909,0.23880923,0,Tcm/Naive helper T cells,Tcm/Naive helper T cells,0.42416188810668176
CGAGCCGACGACAT-1,17.566229,-1.0735253,4,MAIT cells,CD16+ NK cells,0.9054490164611069
CGAGCCGAGGCGAA-1,17.068468,1.2208576,0,Tcm/Naive cytotoxic T cells,Tcm/Naive helper T cells,0.4454279330076155
CGAGCGTGCTCCAC-1,17.295015,2.0710816,0,Tcm/Naive cytotoxic T cells,Tcm/Naive helper T cells,0.16605244101095493
CGAGCGTGGATACC-1,16.90719,1.5279431,0,Tem/Effector helper T cells,Tcm/Naive helper T cells,0.6386055674709837
CGAGCGTGTATGCG-1,-4.8865266,1.4420063,3,Classical monocytes,Classical monocytes,0.9677775527651363
CGAGGAGACCTCCA-1,8.844148,15.408032,2,B cells,B cells,0.99993063462589
CGAGGAGATGTCGA-1,19.861649,0.34340602,1,Tcm/Naive helper T cells,Tcm/Naive helper T cells,0.9351630591542509
CGAGGCACCTATGG-1,16.250235,-2.5505857,4,NK cells,CD16+ NK cells,0.2550389726366638
CGAGGCACTATGCG-1,-2.3227684,1.1922983,3,Non-classical monocytes,Classical monocytes,0.7961279932810257
CGAGGCACTCTTCA-1,16.5367,0.39733824,1,MAIT cells,Tcm/Naive helper T cells,0.2839716610206986
CGAGGCTGACGCTA-1,14.378403,-2.7585633,4,CD16+ NK cells,CD16+ NK cells,0.9831456599026411
CGAGGCTGGCAGTT-1,-3.428819,0.36119172,3,Classical monocytes,Classical monocytes,0.7680060065261912
CGAGGGCTACGACT-1,10.253233,16.051765,2,B cells,B cells,0.9809015741247795
CGAGGGCTCGAATC-1,19.562555,-0.12140547,1,Tcm/Naive cytotoxic T cells,Tcm/Naive helper T cells,0.8877443991763607
CGAGTATGTCACCC-1,-3.1623168,-1.6064824,5,Non-classical monocytes,Non-classical monocytes,0.9998933963688624
CGATACGAACAGTC-1,-3.1669662,-0.010665039,3,Classical monocytes,Classical monocytes,0.8969540713916068
CGATACGACAGGAG-1,14.076051,2.5707333,8,Cycling T cells,Tem/Trm cytotoxic T cells,0.8681002293121093
CGATACGATTCACT-1,9.815203,14.511483,2,B cells,B cells,0.9979107811926163
CGATAGACCCGTAA-1,-3.9744701,-0.30429688,3,Classical monocytes,Classical monocytes,0.9094067419438182
CGATAGACCGTACA-1,16.431877,1.8409066,0,Regulatory T cells,Tcm/Naive helper T cells,0.9967832014227501
CGATAGACGTAGGG-1,-4.5434804,1.0615251,3,Classical monocytes,Classical monocytes,0.9955870113564413
CGATAGACTGTTCT-1,17.433044,0.9933241,0,Tcm/Naive helper T cells,Tcm/Naive helper T cells,0.883176547732328
CGATCAGAAGAACA-1,16.344109,-1.662162,4,NK cells,CD16+ NK cells,0.7628312574212962
CGATCAGAGAGGGT-1,17.538795,1.8730407,0,Tcm/Naive helper T cells,Tcm/Naive helper T cells,0.22540412414298033
CGATCAGAGGTACT-1,16.276587,2.7073872,0,Tcm/Naive helper T cells,Tcm/Naive helper T cells,0.9369410660209803
CGATCAGATGTGAC-1,-0.9172165,2.8941295,6,pDC,DC,0.9668034483717252
CGATCCACCGGGAA-1,16.160023,-0.7227144,4,MAIT cells,CD16+ NK cells,0.9012086959992356
CGATCCACTTCCAT-1,10.477213,15.929104,2,B cells,B cells,0.9651495168893173
CGCAAATGCTCGAA-1,19.36242,-0.034607787,1,Tcm/Naive helper T cells,Tcm/Naive helper T cells,0.8099551704295223
CGCAACCTCCTTGC-1,17.257694,2.2138171,0,Tem/Effector helper T cells,Tcm/Naive helper T cells,0.40499539080188035
CGCAACCTGGACGA-1,18.635727,2.686686,0,Tcm/Naive cytotoxic T cells,Tcm/Naive helper T cells,0.20013949206571255
CGCACGGAGGACGA-1,9.732742,15.273844,2,B cells,B cells,0.9973891213970649
CGCACGGATCTTTG-1,20.310886,1.1060817,1,Tcm/Naive cytotoxic T cells,Tcm/Naive helper T cells,0.9944431354000172
CGCACTACAGAATG-1,17.415987,0.65973204,0,Tcm/Naive helper T cells,Tcm/Naive helper T cells,0.9553355472529094
CGCACTACAGCCAT-1,16.331343,1.8438069,0,Tem/Effector helper T cells,Tcm/Naive helper T cells,0.9794946086167458
CGCACTACATTGGC-1,17.893604,0.41595903,0,Tcm/Naive helper T cells,Tcm/Naive helper T cells,0.5103396285380293
CGCACTACTCGCCT-1,9.759318,15.336128,2,B cells,B cells,0.9909526188971314
CGCACTACTCGTGA-1,16.102123,2.4883854,0,Tem/Trm cytotoxic T cells,Tcm/Naive helper T cells,0.9017758343899873
CGCACTTGTCACGA-1,-3.3679898,0.62812096,3,Classical monocytes,Classical monocytes,0.8768634396517984
CGCAGGACAGATCC-1,16.36002,-0.7428267,4,Tem/Trm cytotoxic T cells,CD16+ NK cells,0.9136695069931938
CGCAGGACCTACTT-1,19.555685,0.93613267,1,Tcm/Naive helper T cells,Tcm/Naive helper T cells,0.9887546110089358
CGCAGGACTTGTCT-1,-2.603139,-1.4183047,5,Non-classical monocytes,Non-classical monocytes,0.9969684825773694
CGCAGGTGCACTGA-1,15.505681,1.6868331,0,Tem/Effector helper T cells,Tcm/Naive helper T cells,0.9757198979435122
CGCAGGTGCCATAG-1,-2.885819,-1.3867608,5,Non-classical monocytes,Non-classical monocytes,0.9957124810192356
CGCAGGTGGGAACG-1,15.741326,1.9998364,0,Regulatory T cells,Tcm/Naive helper T cells,0.9876593789019317
CGCATAGATCACGA-1,-6.02834,1.487312,3,Classical monocytes,Classical monocytes,0.9720198026517818
CGCCATACTGCAAC-1,16.951431,2.210282,0,Tcm/Naive helper T cells,Tcm/Naive helper T cells,0.6140549050422703
CGCCATTGAGAGGC-1,18.96674,2.859206,0,Tcm/Naive helper T cells,Tcm/Naive helper T cells,0.9024175540034458
CGCCATTGCTATGG-1,17.969496,3.3789709,0,Tcm/Naive helper T cells,Tcm/Naive helper T cells,0.48711900815910575
CGCCATTGGAGACG-1,16.544525,2.7181168,0,Tem/Effector helper T cells,Tcm/Naive helper T cells,0.9501745631708077
CGCCATTGGAGCAG-1,10.108039,14.450099,2,B cells,B cells,0.9079729004577681
CGCCATTGTACTGG-1,9.402191,14.985376,2,B cells,B cells,0.9869161370103104
CGCCGAGAGCTTAG-1,14.563929,-3.2237346,4,CD16+ NK cells,CD16+ NK cells,0.993669687855203
CGCCTAACGAATGA-1,-1.8383466,2.0669527,6,Classical monocytes,DC,0.3256160662204094
CGCCTAACTGCTCC-1,17.564655,1.3081961,0,Tem/Effector helper T cells,Tcm/Naive helper T cells,0.7120087903969727
CGCGAGACACAGCT-1,18.178581,3.084979,0,Regulatory T cells,Tcm/Naive helper T cells,0.262005692658445
CGCGAGACAGGTCT-1,10.503231,13.775699,2,B cells,B cells,0.9972306616617992
CGCGAGACGCTACA-1,16.853943,0.15549527,4,Tcm/Naive cytotoxic T cells,CD16+ NK cells,0.4603701949697106
CGCGATCTCAGTCA-1,-3.4739506,0.8384627,3,Classical monocytes,Classical monocytes,0.8154073619249794
CGCGATCTGTTGAC-1,-5.0267963,0.60315496,3,Classical monocytes,Classical monocytes,0.9933770324766401
CGCGATCTTTCTTG-1,11.089122,14.798201,2,Memory B cells,B cells,0.771887646170958
CGCGGATGGCCAAT-1,15.619669,2.3167953,0,Regulatory T cells,Tcm/Naive helper T cells,0.5917282016749977
CGCTAAGAATGTCG-1,16.536474,2.4996636,0,Tcm/Naive helper T cells,Tcm/Naive helper T cells,0.9947670607187044
CGCTAAGACAACTG-1,18.18798,1.549669,0,Tcm/Naive cytotoxic T cells,Tcm/Naive helper T cells,0.2262423015957586
CGCTAAGACCCTTG-1,18.06295,0.6344278,0,Tem/Effector helper T cells,Tcm/Naive helper T cells,0.16739891708643254
CGCTACTGAACAGA-1,-3.1734674,0.65592676,3,Classical monocytes,Classical monocytes,0.9331445015958878
CGCTACTGAGAACA-1,17.52189,2.607328,0,Tcm/Naive helper T cells,Tcm/Naive helper T cells,0.31519346618039074
CGCTACTGTGAGCT-1,19.554745,1.128447,1,Tcm/Naive helper T cells,Tcm/Naive helper T cells,0.8854451272616386
CGCTACTGTTCCCG-1,16.789213,-0.29315922,4,NK cells,CD16+ NK cells,0.4553055698944236
CGCTCATGCATTTC-1,-5.6739063,0.6766884,3,Classical monocytes,Classical monocytes,0.9947356627520347
CGGAATTGCACTAG-1,19.436087,-0.31297696,1,Tcm/Naive helper T cells,Tcm/Naive helper T cells,0.7282324200335074
CGGAATTGGTTTGG-1,17.151583,0.98052645,0,Tcm/Naive helper T cells,Tcm/Naive helper T cells,0.7282146882097794
CGGAATTGTGGAGG-1,17.90652,1.8113345,0,Tcm/Naive helper T cells,Tcm/Naive helper T cells,0.8905182017321033
CGGACCGATGCGTA-1,15.768236,-2.056216,4,Tem/Trm cytotoxic T cells,CD16+ NK cells,0.453441516478744
CGGACCGATGGGAG-1,18.216156,0.00177482,1,Tcm/Naive cytotoxic T cells,Tcm/Naive helper T cells,0.17484820593983483
CGGACTCTAAACAG-1,10.683022,15.429181,2,B cells,B cells,0.998649623119027
CGGACTCTCCAATG-1,15.56958,1.396901,0,Tem/Effector helper T cells,Tcm/Naive helper T cells,0.6301395291055892
CGGACTCTCCTCGT-1,15.396876,-2.5942082,4,NK cells,CD16+ NK cells,0.4726348023145119
CGGAGGCTATTCCT-1,19.029001,-0.35605118,1,Tcm/Naive cytotoxic T cells,Tcm/Naive helper T cells,0.20850756106661833
CGGAGGCTTGGATC-1,19.529627,1.2162585,1,Tcm/Naive cytotoxic T cells,Tcm/Naive helper T cells,0.997734943849958
CGGATAACAACGAA-1,-4.1425843,0.55244446,3,Classical monocytes,Classical monocytes,0.999518113218487
CGGATAACAGCTCA-1,15.896177,2.475255,0,Tem/Effector helper T cells,Tcm/Naive helper T cells,0.765401461311774
CGGATAACTCAGTG-1,-4.904777,0.76842856,3,Classical monocytes,Classical monocytes,0.9495352694693182
CGGCACGAACTCAG-1,16.635326,-0.7565757,4,MAIT cells,CD16+ NK cells,0.9375784990078788
CGGCACGAAGGGTG-1,18.301203,2.0319252,0,Tcm/Naive helper T cells,Tcm/Naive helper T cells,0.9445029871120221
CGGCACGACTACGA-1,-3.542011,-1.6069697,5,Non-classical monocytes,Non-classical monocytes,0.9730131628553357
CGGCATCTTAGAAG-1,16.085964,0.5375251,0,Tem/Effector helper T cells,Tcm/Naive helper T cells,0.7195577204627058
CGGCATCTTCGTAG-1,-4.306284,2.014658,3,Classical monocytes,Classical monocytes,0.9688707940036365
CGGCCAGAAAGGTA-1,17.701477,0.930192,0,Regulatory T cells,Tcm/Naive helper T cells,0.7187514550760762
CGGCCAGAGAGGCA-1,15.525779,-1.9343263,4,Tem/Trm cytotoxic T cells,CD16+ NK cells,0.45501430385687075
CGGCGAACCAGTCA-1,-3.1006474,-0.26235387,3,Classical monocytes,Classical monocytes,0.8028513177475527
CGGCGAACGACAAA-1,15.007699,-2.701876,4,CD16+ NK cells,CD16+ NK cells,0.9936664346598941
CGGCGAACGGTCTA-1,16.278234,0.7529989,0,Tem/Effector helper T cells,Tcm/Naive helper T cells,0.9958947975785579
CGGCGAACTACTTC-1,15.351301,-3.218782,4,CD16+ NK cells,CD16+ NK cells,0.9981929958968679
CGGGACTGCGTGTA-1,17.4716,2.4310393,0,Tcm/Naive cytotoxic T cells,Tcm/Naive helper T cells,0.9546809119879179
CGGGACTGGAATAG-1,16.257904,-2.3464344,4,NK cells,CD16+ NK cells,0.4708438327882132
CGGGCATGACCCAA-1,17.864351,-0.7864684,4,Tem/Trm cytotoxic T cells,CD16+ NK cells,0.2555726779418478
CGGGCATGTCTCTA-1,14.225314,-1.1255136,4,NK cells,CD16+ NK cells,0.42227196315959104
CGGGCATGTTGTGG-1,19.192228,2.4339972,1,Tcm/Naive cytotoxic T cells,Tcm/Naive helper T cells,0.5043657184985331
CGGTAAACTCGCAA-1,16.079725,2.061105,0,Tcm/Naive cytotoxic T cells,Tcm/Naive helper T cells,0.32361009475520114
CGGTCACTGTTTGG-1,17.065773,3.2830186,0,Tem/Effector helper T cells,Tcm/Naive helper T cells,0.6808306492430946
CGGTCACTTACTTC-1,16.689123,2.199115,0,Tem/Effector helper T cells,Tcm/Naive helper T cells,0.4757328874344542
CGTAACGAATCAGC-1,18.847155,0.07172041,1,Tcm/Naive helper T cells,Tcm/Naive helper T cells,0.443925335133599
CGTAACGATCGCCT-1,17.001905,2.7784994,0,Tcm/Naive helper T cells,Tcm/Naive helper T cells,0.8793668704793509
CGTACCACACACAC-1,17.072397,3.1763637,0,Tcm/Naive helper T cells,Tcm/Naive helper T cells,0.9170611183174382
CGTACCACACGTTG-1,19.172407,2.2537124,0,Tcm/Naive helper T cells,Tcm/Naive helper T cells,0.9740183622913945
CGTACCACCTCATT-1,19.04319,1.4287837,0,Tcm/Naive helper T cells,Tcm/Naive helper T cells,0.9750254872521268
CGTACCACGCTACA-1,18.440521,-1.1518699,1,MAIT cells,Tcm/Naive helper T cells,0.45102248182453303
CGTACCACGGAGCA-1,18.447996,2.5912535,0,Tcm/Naive helper T cells,Tcm/Naive helper T cells,0.9793398885149218
CGTACCTGGCATCA-1,14.261661,-1.5721883,4,CD16+ NK cells,CD16+ NK cells,0.9987623166277445
CGTAGCCTCTCTCG-1,-4.521687,1.2311682,3,Classical monocytes,Classical monocytes,0.9712461261199851
CGTAGCCTGCGAAG-1,16.227665,3.051811,0,Tem/Effector helper T cells,Tcm/Naive helper T cells,0.8668078182069769
CGTAGCCTGTATGC-1,-3.6827304,-1.0834172,5,Non-classical monocytes,Non-classical monocytes,0.7381059519933972
CGTCAAGAAAGGTA-1,-4.8106093,1.1212927,3,Myelocytes,Classical monocytes,0.9451118200482937
CGTCAAGAACGTGT-1,18.83331,3.3992853,0,Tcm/Naive helper T cells,Tcm/Naive helper T cells,0.7740723632617845
CGTCAAGACAGAGG-1,16.31688,1.077128,0,Tcm/Naive helper T cells,Tcm/Naive helper T cells,0.5129175202972892
CGTCAAGACAGGAG-1,16.08991,-1.4019225,4,NK cells,CD16+ NK cells,0.494882954197293
CGTCCATGCTCTTA-1,17.475674,2.295332,0,Tcm/Naive helper T cells,Tcm/Naive helper T cells,0.9669757365027293
CGTCGACTTTCCGC-1,16.875498,-0.32731816,4,MAIT cells,CD16+ NK cells,0.9947506728997374
CGTGATGACGCTAA-1,19.04887,1.0381072,1,Tcm/Naive cytotoxic T cells,Tcm/Naive helper T cells,0.8915802660788956
CGTGATGAGGTTCA-1,17.575424,-0.053135592,1,Tcm/Naive helper T cells,Tcm/Naive helper T cells,0.6435481409209043
CGTGCACTTATGGC-1,-2.9660249,0.79587525,3,Non-classical monocytes,Classical monocytes,0.939828648355623
CGTGTAGAAAAACG-1,15.808493,1.3869522,0,Tcm/Naive helper T cells,Tcm/Naive helper T cells,0.8932277547596129
CGTGTAGACGATAC-1,15.017368,-0.82837874,4,CD16- NK cells,CD16+ NK cells,0.6037977666843137
CGTGTAGAGTTACG-1,14.596311,-3.1617055,4,CD16+ NK cells,CD16+ NK cells,0.9997051311408854
CGTGTAGAGTTCAG-1,-5.041867,1.5706419,3,Classical monocytes,Classical monocytes,0.9926218741421913
CGTGTAGATTCGGA-1,14.547645,-1.884652,4,CD16+ NK cells,CD16+ NK cells,0.9512599908478038
CGTTAGGAAACCAC-1,17.657932,1.5226417,0,Tcm/Naive helper T cells,Tcm/Naive helper T cells,0.9368998593016525
CGTTAGGATCATTC-1,-2.2662175,0.33898517,3,Classical monocytes,Classical monocytes,0.9351517896837551
CGTTATACCCTGAA-1,15.990519,-2.6969576,4,Regulatory T cells,CD16+ NK cells,0.17163508159961727
CGTTTAACTGGTCA-1,16.433727,0.6805644,0,Tcm/Naive helper T cells,Tcm/Naive helper T cells,0.5693373776442401
CTAAACCTCTGACA-1,13.798927,-2.4551032,4,CD16+ NK cells,CD16+ NK cells,0.999997371736929
CTAAACCTGTGCAT-1,10.649031,14.365919,2,B cells,B cells,0.8800687368951929
CTAACACTAACGTC-1,17.98838,1.7596108,0,Tem/Effector helper T cells,Tcm/Naive helper T cells,0.2236965346065423
CTAACACTAGTGCT-1,-3.6499805,-0.5717993,5,Classical monocytes,Non-classical monocytes,0.887760362981401
CTAACGGAACCGAT-1,14.52459,-2.2593653,4,CD16+ NK cells,CD16+ NK cells,0.9993829724761965
CTAACGGATTTCTG-1,18.532461,1.872876,0,Tcm/Naive helper T cells,Tcm/Naive helper T cells,0.9834602876250099
CTAACTACGGCAAG-1,17.721851,-0.18739557,1,Tem/Trm cytotoxic T cells,Tcm/Naive helper T cells,0.9942737523687621
CTAAGGACACCATG-1,19.210064,1.4865271,1,Tcm/Naive helper T cells,Tcm/Naive helper T cells,0.9389530563340316
CTAAGGACCGTTAG-1,16.110382,2.6616666,0,Tcm/Naive helper T cells,Tcm/Naive helper T cells,0.8246919530229764
CTAAGGACGCCATA-1,-3.117863,1.5844073,3,Classical monocytes,Classical monocytes,0.9873445994977431
CTAAGGTGCCTAAG-1,10.111458,16.106272,2,B cells,B cells,0.9144209889455907
CTAAGGTGTTGCAG-1,16.546337,0.18571572,4,Tem/Effector helper T cells,CD16+ NK cells,0.909183854893271
CTAAGGTGTTTCTG-1,18.949377,-0.013007548,1,Tem/Trm cytotoxic T cells,Tcm/Naive helper T cells,0.7275851096394476
CTAATAGAGCTATG-1,20.230217,-0.46815372,1,Tcm/Naive cytotoxic T cells,Tcm/Naive helper T cells,0.42382193852256783
CTAATGCTTGTGGT-1,-4.4633365,0.5245081,3,Classical monocytes,Classical monocytes,0.9110832906135354
CTACAACTCCCGTT-1,15.951313,-2.2267272,4,Tem/Trm cytotoxic T cells,CD16+ NK cells,0.09976305395653702
CTACCTCTCAACCA-1,17.03432,-0.03159243,0,Tcm/Naive helper T cells,Tcm/Naive helper T cells,0.3622530961931185
CTACGCACACCTAG-1,-3.8658695,-1.4213701,5,Non-classical monocytes,Non-classical monocytes,0.9941947958145305
CTACGCACTCTCCG-1,17.551123,1.5031768,0,Regulatory T cells,Tcm/Naive helper T cells,0.7703219015243064
CTACGCACTGGTCA-1,15.120142,-2.4467707,4,NKT cells,CD16+ NK cells,0.22419688718013336
CTACGGCTTTCTTG-1,-3.131459,-0.6545824,5,Classical monocytes,Non-classical monocytes,0.8890996262966546
CTACTATGAACCAC-1,-3.528201,0.99236274,3,Non-classical monocytes,Classical monocytes,0.8473472151680382
CTACTATGATGTGC-1,-4.8452897,1.5115628,3,Classical monocytes,Classical monocytes,0.95675500255042
CTACTATGCTAAGC-1,16.646587,-0.21155481,4,Trm cytotoxic T cells,CD16+ NK cells,0.5699438309611132
CTACTATGTAAAGG-1,10.105107,16.176033,2,B cells,B cells,0.9688627002912839
CTACTCCTATGTCG-1,14.168876,-2.3446505,4,CD16+ NK cells,CD16+ NK cells,0.9993403427190334
CTACTCCTGCCATA-1,-6.1523895,0.6438173,3,Classical monocytes,Classical monocytes,0.9620312565668399
CTAGAGACACTTTC-1,17.284744,2.3399162,0,Regulatory T cells,Tcm/Naive helper T cells,0.7221747877656963
CTAGAGACAGCATC-1,16.395824,-1.4412906,4,NK cells,CD16+ NK cells,0.909683371191449
CTAGAGACTTTGGG-1,-2.3803825,-0.5563449,3,Non-classical monocytes,Classical monocytes,0.9955609253897948
CTAGATCTCTCTAT-1,17.542604,1.1433779,0,Tcm/Naive helper T cells,Tcm/Naive helper T cells,0.8794915902973761
CTAGATCTTCGACA-1,18.161388,3.143492,0,Tcm/Naive helper T cells,Tcm/Naive helper T cells,0.8016157957677079
CTAGGATGAGCCTA-1,10.546227,13.172477,2,B cells,B cells,0.9765973425127767
CTAGGATGATCGTG-1,10.95368,14.894563,2,B cells,B cells,0.7433408282799101
CTAGGCCTCTCAGA-1,17.678087,2.5702453,0,Tcm/Naive helper T cells,Tcm/Naive helper T cells,0.7882107894947095
CTAGGTGATGGTTG-1,-2.728637,-2.2500107,5,Non-classical monocytes,Non-classical monocytes,0.9994263456726451
CTAGTTACCAGAGG-1,17.731424,0.83144265,0,Tem/Effector helper T cells,Tcm/Naive helper T cells,0.7438622696971388
CTAGTTACCGCATA-1,16.881186,2.7812731,0,Tcm/Naive helper T cells,Tcm/Naive helper T cells,0.8956343491724187
CTAGTTACGAAACA-1,15.072618,-3.236835,4,CD16+ NK cells,CD16+ NK cells,0.9990993189751004
CTAGTTTGAGTACC-1,16.412598,-2.274756,4,Tem/Temra cytotoxic T cells,CD16+ NK cells,0.1286522561683367
CTATAAGATCGTTT-1,10.052168,14.238384,2,B cells,B cells,0.8750056791209685
CTATACTGAGGTTC-1,-6.1724973,0.07070593,3,Classical monocytes,Classical monocytes,0.8900417758198456
CTATACTGCCAGTA-1,18.927721,0.2340226,1,Tcm/Naive helper T cells,Tcm/Naive helper T cells,0.7684694257674024
CTATACTGCGCTAA-1,-4.7375994,0.79128885,3,Classical monocytes,Classical monocytes,0.9668133075831099
CTATACTGCTACGA-1,14.332639,-2.5930479,4,CD16+ NK cells,CD16+ NK cells,0.9999708910598866
CTATACTGTCTCAT-1,14.435473,-2.3367836,4,CD16+ NK cells,CD16+ NK cells,0.9993836315028979
CTATACTGTTCGTT-1,17.933111,3.5680134,0,HSC/MPP,Tcm/Naive helper T cells,0.020358618928386866
CTATAGCTGTCACA-1,18.963081,0.32583055,1,Tcm/Naive helper T cells,Tcm/Naive helper T cells,0.4491184155576197
CTATAGCTTCGCTC-1,-3.947058,1.0798187,3,Classical monocytes,Classical monocytes,0.8269886697288673
CTATAGCTTGCCTC-1,-4.0661845,1.0892849,3,Classical monocytes,Classical monocytes,0.9584348824713588
CTATCAACGAACTC-1,17.647095,2.176094,0,Tcm/Naive helper T cells,Tcm/Naive helper T cells,0.9831969858633903
CTATCAACGCAGAG-1,15.947462,1.0159577,0,Tem/Effector helper T cells,Tcm/Naive helper T cells,0.9594141290274905
CTATCAACTTTGGG-1,19.79779,1.7110199,1,Tcm/Naive cytotoxic T cells,Tcm/Naive helper T cells,0.9704781093157278
CTATCCCTCCACCT-1,-4.3968587,1.4615855,3,Classical monocytes,Classical monocytes,0.9060932350217624
CTATGTACGAGAGC-1,16.197062,1.3498031,0,Tcm/Naive helper T cells,Tcm/Naive helper T cells,0.9356506637900389
CTATGTACGCTTAG-1,19.390518,0.7706203,1,Tcm/Naive helper T cells,Tcm/Naive helper T cells,0.9090561044665659
CTATGTACTGTTTC-1,17.342405,3.4798522,0,B cells,Tcm/Naive helper T cells,0.1991146171390294
CTATGTTGAAAGCA-1,16.740484,1.8111223,0,Tcm/Naive helper T cells,Tcm/Naive helper T cells,0.9167327847186264
CTATGTTGTCCTCG-1,19.017712,0.55683756,1,Tcm/Naive helper T cells,Tcm/Naive helper T cells,0.9895082128466122
CTATGTTGTCTCGC-1,15.688722,1.9737009,0,Tem/Effector helper T cells,Tcm/Naive helper T cells,0.8313450408171403
CTATTGACAAACGA-1,-5.4402423,0.6290231,3,Classical monocytes,Classical monocytes,0.9937089398420533
CTATTGACACTGGT-1,-3.2540102,-0.32255068,3,Non-classical monocytes,Classical monocytes,0.9988631602089066
CTATTGACGGTGAG-1,-2.8733237,-1.4473037,5,Non-classical monocytes,Non-classical monocytes,0.9857315379503103
CTATTGTGGCAAGG-1,16.979828,-0.034944687,0,Tcm/Naive helper T cells,Tcm/Naive helper T cells,0.6756839562407665
CTCAATTGGTTCAG-1,17.024885,2.1209536,0,Tem/Effector helper T cells,Tcm/Naive helper T cells,0.6535330042227069
CTCAATTGGTTGCA-1,-4.1780357,1.0155352,3,Classical monocytes,Classical monocytes,0.9993277025837116
CTCAGAGATAGAAG-1,17.758276,1.5077906,0,Tcm/Naive cytotoxic T cells,Tcm/Naive helper T cells,0.7311777427867934
CTCAGCACTCTAGG-1,16.296368,1.0402424,0,Tcm/Naive cytotoxic T cells,Tcm/Naive helper T cells,0.4608431398484129
CTCAGCACTGAACC-1,-5.4279957,-0.024963405,3,Classical monocytes,Classical monocytes,0.523042685742638
CTCAGCACTTGCAG-1,17.85655,1.5155491,0,Tcm/Naive helper T cells,Tcm/Naive helper T cells,0.8449639384140967
CTCAGCTGAACCTG-1,-5.2914467,1.6561788,3,Classical monocytes,Classical monocytes,0.989705711600663
CTCAGCTGCAGTTG-1,19.846565,1.0167441,1,Tcm/Naive cytotoxic T cells,Tcm/Naive helper T cells,0.9398031720503508
CTCAGCTGTTTCTG-1,17.533281,-0.4371586,4,Tcm/Naive helper T cells,CD16+ NK cells,0.20357569781843274
CTCAGGCTCGTTGA-1,-3.24692,-2.0266812,5,Non-classical monocytes,Non-classical monocytes,0.999513760081019
CTCAGGCTGCTAAC-1,17.686739,0.8271063,0,Regulatory T cells,Tcm/Naive helper T cells,0.5721218270043087
CTCATTGACCTTAT-1,16.1335,2.3037531,0,Tem/Effector helper T cells,Tcm/Naive helper T cells,0.19693193874931803
CTCATTGATGCTTT-1,-3.6972623,-0.52933145,3,Non-classical monocytes,Classical monocytes,0.820182508961298
CTCCACGAGAGATA-1,-1.3122256,2.8290985,6,Macrophages,DC,0.8145114453393341
CTCCATCTCTTAGG-1,18.84161,0.55167407,0,Tem/Effector helper T cells,Tcm/Naive helper T cells,0.6906522821736836
CTCCATCTGACGAG-1,17.123995,2.3069296,0,Tcm/Naive cytotoxic T cells,Tcm/Naive helper T cells,0.11547975680310803
CTCCGAACAAGTGA-1,-3.7813952,-1.5938324,5,Non-classical monocytes,Non-classical monocytes,0.997677937907028
CTCCTACTGCCTTC-1,-4.5570183,1.2833836,3,Classical monocytes,Classical monocytes,0.9993639986742047
CTCGAAGATGTGGT-1,18.835224,1.6479498,1,Tcm/Naive cytotoxic T cells,Tcm/Naive helper T cells,0.9971015424698026
CTCGAAGATTAGGC-1,-3.599409,1.2443717,3,Classical monocytes,Classical monocytes,0.9660227327343021
CTCGACTGCTCTAT-1,18.802284,0.8230065,0,Tcm/Naive helper T cells,Tcm/Naive helper T cells,0.7946850415827761
CTCGACTGGGTGAG-1,19.508287,1.1635509,1,Tcm/Naive helper T cells,Tcm/Naive helper T cells,0.9661158577618902
CTCGACTGGTTGAC-1,14.530232,-2.6370275,4,CD16+ NK cells,CD16+ NK cells,0.9999652347599813
CTCGAGCTCTGGAT-1,16.247213,-2.5701346,4,NK cells,CD16+ NK cells,0.07449639010516258
CTCGCATGACTTTC-1,18.276028,0.44978917,1,Tcm/Naive helper T cells,Tcm/Naive helper T cells,0.2543571093970093
CTCGCATGCTTAGG-1,19.055906,2.1999002,0,Tcm/Naive helper T cells,Tcm/Naive helper T cells,0.6619534025948298
CTCTAAACCTCGAA-1,17.491875,2.901242,0,Tcm/Naive helper T cells,Tcm/Naive helper T cells,0.9197891241761551
CTCTAAACGGCGAA-1,18.550055,1.6136292,1,Tcm/Naive cytotoxic T cells,Tcm/Naive helper T cells,0.472434696724229
CTCTAATGTCCAAG-1,-3.7770648,1.4901555,3,Classical monocytes,Classical monocytes,0.9695422320979826
CTGAACGACAGTCA-1,15.964876,2.467744,0,Tcm/Naive helper T cells,Tcm/Naive helper T cells,0.9802471909398194
CTGAACGATGAGGG-1,16.035494,2.2552354,0,Tcm/Naive helper T cells,Tcm/Naive helper T cells,0.4818452476464797
CTGAAGACCCAACA-1,16.25828,1.0533975,0,Tem/Effector helper T cells,Tcm/Naive helper T cells,0.8680462688625608
CTGAAGACGTGCAT-1,9.1299515,14.144703,2,B cells,B cells,0.9961499154926143
CTGAAGTGAAGCCT-1,-2.3487692,-1.2140682,5,Non-classical monocytes,Non-classical monocytes,0.9998583248557258
CTGAAGTGCAGCTA-1,9.333496,14.971445,2,B cells,B cells,0.977555726924621
CTGAAGTGGCTATG-1,19.070889,2.1587312,1,Tcm/Naive helper T cells,Tcm/Naive helper T cells,0.9423589069478215
CTGAAGTGTCCAGA-1,16.818106,1.6661577,0,Tcm/Naive helper T cells,Tcm/Naive helper T cells,0.19974060689970768
CTGAATCTGAATAG-1,16.12984,2.5178084,0,Regulatory T cells,Tcm/Naive helper T cells,0.9790992996540324
CTGACAGAATCGTG-1,16.501995,-2.500588,4,Tem/Temra cytotoxic T cells,CD16+ NK cells,0.314620528769526
CTGACCACAGCAAA-1,17.040768,3.0862195,0,Tcm/Naive helper T cells,Tcm/Naive helper T cells,0.9975947790788665
CTGAGAACCGGGAA-1,16.04117,3.190434,0,Tem/Effector helper T cells,Tcm/Naive helper T cells,0.7145810232711263
CTGAGAACGTAAAG-1,15.761476,-2.7894573,4,CD16+ NK cells,CD16+ NK cells,0.8743888690613915
CTGATACTAGTAGA-1,18.071075,0.7519604,1,Tcm/Naive helper T cells,Tcm/Naive helper T cells,0.9225802181500132
CTGATTTGGTGTTG-1,-2.7337205,1.0249621,3,Non-classical monocytes,Classical monocytes,0.947407870447107
CTGCAGCTAACCGT-1,19.56629,0.985326,1,Tcm/Naive cytotoxic T cells,Tcm/Naive helper T cells,0.9679754322149218
CTGCAGCTGACACT-1,17.683645,0.7981851,0,Tcm/Naive helper T cells,Tcm/Naive helper T cells,0.9901285816845591
CTGCAGCTGGATTC-1,-2.3389375,-0.53361934,3,Non-classical monocytes,Classical monocytes,0.9989194714815717
CTGCAGCTTGGCAT-1,15.817685,0.2660295,4,MAIT cells,CD16+ NK cells,0.9207996506707105
CTGCCAACAGGAGC-1,17.503052,-1.4590584,4,Tcm/Naive cytotoxic T cells,CD16+ NK cells,0.5828814031320384
CTGCCAACCAGCTA-1,18.321474,2.5043645,0,Tcm/Naive helper T cells,Tcm/Naive helper T cells,0.8545204725630882
CTGCCAACTAACCG-1,-3.6034,-0.37410513,3,Classical monocytes,Classical monocytes,0.8850419193661444
CTGCCAACTGCTCC-1,16.931025,-1.7419213,4,Tem/Trm cytotoxic T cells,CD16+ NK cells,0.9223204084691536
CTGCCAACTTGCAG-1,19.010847,1.9443616,0,Tcm/Naive helper T cells,Tcm/Naive helper T cells,0.9860239610634047
CTGCCAACTTGCTT-1,16.320498,-0.6055789,4,Tem/Trm cytotoxic T cells,CD16+ NK cells,0.7551267832540701
CTGCGACTCCACCT-1,18.075466,-1.0949879,4,Tem/Trm cytotoxic T cells,CD16+ NK cells,0.7676409544422969
CTGGAAACAAACGA-1,16.195091,-2.050687,4,Tem/Temra cytotoxic T cells,CD16+ NK cells,0.1080191589974057
CTGGAAACATCGAC-1,18.357172,3.5305548,0,Tcm/Naive helper T cells,Tcm/Naive helper T cells,0.9357908227373244
CTGGATGACTGGAT-1,16.438963,-1.9694308,4,Tem/Trm cytotoxic T cells,CD16+ NK cells,0.9943268495059768
CTGGATGACTTGTT-1,18.668076,0.83057743,0,Regulatory T cells,Tcm/Naive helper T cells,0.7994226421885344
CTGGATGATGTGAC-1,10.827888,15.568537,2,B cells,B cells,0.8269207374995902
CTGGCACTCAAGCT-1,-4.616842,1.5973557,3,Classical monocytes,Classical monocytes,0.9516010581050922
CTGGCACTGGACAG-1,17.595566,-1.5058687,4,MAIT cells,CD16+ NK cells,0.989819360386869
CTGTAACTAACCAC-1,17.134335,1.6685467,0,Tcm/Naive helper T cells,Tcm/Naive helper T cells,0.8924176113842331
CTGTAACTAGCGTT-1,18.956696,0.9511404,1,Tcm/Naive helper T cells,Tcm/Naive helper T cells,0.568720899358108
CTGTATACGTAAAG-1,18.661222,0.043898247,1,Tcm/Naive helper T cells,Tcm/Naive helper T cells,0.3575829199988052
CTGTATACGTACGT-1,-2.9657984,0.80167925,3,Non-classical monocytes,Classical monocytes,0.4450046865235858
CTGTATACGTTGGT-1,16.298782,1.992832,0,Tcm/Naive helper T cells,Tcm/Naive helper T cells,0.6638745563774356
CTGTGAGACAACCA-1,-3.387465,-2.093559,5,Non-classical monocytes,Non-classical monocytes,0.9906225389777678
CTGTGAGACCTTGC-1,15.640276,-1.048843,4,Tem/Trm cytotoxic T cells,CD16+ NK cells,0.9809134721694
CTGTGAGACGAACT-1,-5.187393,1.4592088,3,Classical monocytes,Classical monocytes,0.9862096780271412
CTGTGAGACTGTAG-1,-3.9777927,1.77716,3,Classical monocytes,Classical monocytes,0.9453638221217595
CTTAAAGAACCTGA-1,19.050835,2.041201,1,Tcm/Naive helper T cells,Tcm/Naive helper T cells,0.8746102009995196
CTTAACACCTGTAG-1,16.661425,3.5078678,0,Treg(diff),Tcm/Naive helper T cells,0.21772255992330686
CTTAACACGAGCTT-1,15.187965,2.10655,0,Tem/Effector helper T cells,Tcm/Naive helper T cells,0.5164023676445612
CTTAACACTATCGG-1,9.856621,15.032533,2,B cells,B cells,0.8532604199408249
CTTAAGCTACCTAG-1,17.966457,3.0613623,0,Tcm/Naive helper T cells,Tcm/Naive helper T cells,0.8541597800456562
CTTAAGCTAGTACC-1,19.500551,0.8172904,1,Tcm/Naive cytotoxic T cells,Tcm/Naive helper T cells,0.9603051081881275
CTTAAGCTCATCAG-1,17.511652,2.9979382,0,Tcm/Naive helper T cells,Tcm/Naive helper T cells,0.9806937582908584
CTTAAGCTCCGCTT-1,10.991312,14.361203,2,B cells,B cells,0.991005172972204
CTTAAGCTTCCTCG-1,16.553036,-0.049073413,4,Tem/Trm cytotoxic T cells,CD16+ NK cells,0.9788913693570445
CTTACAACTAACGC-1,17.138668,2.6485598,0,Tcm/Naive helper T cells,Tcm/Naive helper T cells,0.8828259533658711
CTTACAACTCCCGT-1,-5.34416,1.0257561,3,Myelocytes,Classical monocytes,0.7999593823978828
CTTACTGACGTACA-1,19.947386,1.8623962,1,Tcm/Naive helper T cells,Tcm/Naive helper T cells,0.9935746206606382
CTTAGACTAAACGA-1,17.271511,3.24923,0,Tcm/Naive helper T cells,Tcm/Naive helper T cells,0.518969705163369
CTTAGGGACTTGCC-1,15.822213,2.7859035,0,Tem/Effector helper T cells,Tcm/Naive helper T cells,0.3738264863840245
CTTAGGGAGAATCC-1,19.594688,1.6084994,1,Tcm/Naive helper T cells,Tcm/Naive helper T cells,0.9702139736102313
CTTATCGACTCATT-1,16.302866,2.0914006,0,Regulatory T cells,Tcm/Naive helper T cells,0.897975868332717
CTTCACCTACCTGA-1,-3.1189485,-1.0965759,5,Non-classical monocytes,Non-classical monocytes,0.9994423918298503
CTTCATGAAGCATC-1,10.561246,15.291811,2,Naive B cells,B cells,0.3818695905555217
CTTCATGAAGTACC-1,17.772732,1.1282276,0,Tcm/Naive helper T cells,Tcm/Naive helper T cells,0.6175546686981577
CTTCATGACCGAAT-1,17.812355,-1.3229309,4,MAIT cells,CD16+ NK cells,0.1890508474517243
CTTGAACTACGCAT-1,17.656233,0.66325116,0,Tem/Effector helper T cells,Tcm/Naive helper T cells,0.537927677968909
CTTGATTGAGGTTC-1,15.920116,-2.7722511,4,Tem/Temra cytotoxic T cells,CD16+ NK cells,0.13980052951819882
CTTGATTGATCTTC-1,-1.8517773,-0.1392109,7,Classical monocytes,Megakaryocytes/platelets,0.8497258652209291
CTTGATTGCATTCT-1,16.426607,2.7124252,0,Regulatory T cells,Tcm/Naive helper T cells,0.4451815376762637
CTTGATTGTTTCGT-1,16.31806,1.4162365,0,Tcm/Naive helper T cells,Tcm/Naive helper T cells,0.879631278631633
CTTGTATGACACCA-1,10.228407,15.38154,2,B cells,B cells,0.29492458310175584
CTTGTATGCGCAAT-1,10.505336,15.122215,2,B cells,B cells,0.9923728115969446
CTTTACGAGCGAAG-1,20.06663,1.1630261,1,Tcm/Naive helper T cells,Tcm/Naive helper T cells,0.5939381712442608
CTTTAGACCGTGAT-1,20.041004,0.43995565,1,Tcm/Naive helper T cells,Tcm/Naive helper T cells,0.5816526687366474
CTTTAGACGAGACG-1,17.930061,0.6858175,0,Tcm/Naive helper T cells,Tcm/Naive helper T cells,0.8881754053673773
CTTTAGACGATACC-1,16.644598,0.3073917,0,Tcm/Naive helper T cells,Tcm/Naive helper T cells,0.6615041238731829
CTTTAGACGTTGGT-1,16.307236,-0.6869276,4,Tcm/Naive cytotoxic T cells,CD16+ NK cells,0.1541368725993481
CTTTAGACTCATTC-1,16.60144,-0.24493071,4,Regulatory T cells,CD16+ NK cells,0.3434543169688641
CTTTAGTGACGGGA-1,14.764001,-2.699942,4,CD16+ NK cells,CD16+ NK cells,0.9994518090774612
CTTTAGTGGGTGGA-1,19.311737,0.24812317,1,Tcm/Naive helper T cells,Tcm/Naive helper T cells,0.9366726388368114
CTTTCAGAGAAACA-1,16.151693,3.369632,0,Tcm/Naive helper T cells,Tcm/Naive helper T cells,0.9081969447808933
CTTTGATGAGCACT-1,17.569393,1.7590051,0,Tcm/Naive helper T cells,Tcm/Naive helper T cells,0.72441237641928
CTTTGATGTCTAGG-1,15.666438,0.34193337,4,MAIT cells,CD16+ NK cells,0.18836839384179113
CTTTGATGTGTCCC-1,16.99941,0.8942752,0,Tcm/Naive helper T cells,Tcm/Naive helper T cells,0.8912636183979215
CTTTGATGTGTGGT-1,18.337383,0.44521922,1,Tcm/Naive cytotoxic T cells,Tcm/Naive helper T cells,0.957439526863372
GAAACAGAACTACG-1,18.488594,0.43424216,1,Tcm/Naive helper T cells,Tcm/Naive helper T cells,0.16518243602618216
GAAACAGAATCACG-1,19.518963,1.6718328,1,Tcm/Naive helper T cells,Tcm/Naive helper T cells,0.46625748621372265
GAAACAGACATTCT-1,16.943045,1.3909606,0,Tcm/Naive helper T cells,Tcm/Naive helper T cells,0.9989946392918889
GAAACCTGATCGTG-1,17.235075,1.3900162,0,Tcm/Naive cytotoxic T cells,Tcm/Naive helper T cells,0.9792625245405249
GAAACCTGATGCCA-1,15.85933,2.8757248,0,Tcm/Naive helper T cells,Tcm/Naive helper T cells,0.6944576790192891
GAAACCTGCTTATC-1,16.959995,2.0322125,0,Tem/Effector helper T cells,Tcm/Naive helper T cells,0.5199897184791403
GAAACCTGGACTAC-1,-2.246373,-2.0310814,5,Non-classical monocytes,Non-classical monocytes,0.99770972780098
GAAACCTGTGCTAG-1,16.386341,2.570542,0,Tcm/Naive helper T cells,Tcm/Naive helper T cells,0.9854726121843972
GAAAGATGATTTCC-1,17.647394,2.2096577,0,Tem/Effector helper T cells,Tcm/Naive helper T cells,0.6273337898322429
GAAAGATGCTGATG-1,-2.7735753,-2.1036491,5,Non-classical monocytes,Non-classical monocytes,0.9918787920834947
GAAAGATGCTTCGC-1,-5.415816,0.36461148,3,Classical monocytes,Classical monocytes,0.9197062969580582
GAAAGATGTAAGGA-1,19.209984,0.10089854,1,Tcm/Naive helper T cells,Tcm/Naive helper T cells,0.5030582854118233
GAAAGATGTTTGCT-1,17.59725,-1.4559128,4,MAIT cells,CD16+ NK cells,0.8463955969269424
GAAAGCCTACGTTG-1,9.99622,14.308253,2,B cells,B cells,0.9991902411620172
GAAAGTGAAAGTGA-1,-1.4217328,2.7136967,6,Regulatory T cells,DC,0.19214913739111347
GAAAGTGACCACAA-1,-3.0132253,0.951656,3,Classical monocytes,Classical monocytes,0.9368848097342978
GAAAGTGACTCAAG-1,17.06845,1.4416865,0,Tem/Effector helper T cells,Tcm/Naive helper T cells,0.8484611921439337
GAAATACTACCAAC-1,-6.1583395,0.5092961,3,Classical monocytes,Classical monocytes,0.9533847497114412
GAAATACTCTTAGG-1,9.416764,14.768877,2,B cells,B cells,0.9252671986192342
GAAATACTTCCTCG-1,15.41797,2.1469777,0,Regulatory T cells,Tcm/Naive helper T cells,0.966115553244161
GAACACACGTGCAT-1,-2.7185187,0.62556916,3,Classical monocytes,Classical monocytes,0.8263202671702112
GAACACACTGCCTC-1,19.127863,2.7011442,0,Tcm/Naive helper T cells,Tcm/Naive helper T cells,0.9558545366768438
GAACAGCTAACTGC-1,-2.457161,-0.34859475,3,Non-classical monocytes,Classical monocytes,0.9921837579640129
GAACAGCTCTCAGA-1,-3.109783,-1.6984274,5,Non-classical monocytes,Non-classical monocytes,0.9885619358689779
GAACCAACCACAAC-1,18.49692,-0.67195743,1,Tcm/Naive helper T cells,Tcm/Naive helper T cells,0.11013488932837195
GAACCAACTTCCGC-1,14.215291,-2.8130367,4,CD16+ NK cells,CD16+ NK cells,0.9999974526437372
GAACCTGAACGTGT-1,15.359668,0.8228036,4,Tcm/Naive helper T cells,CD16+ NK cells,0.164360243566618
GAACCTGAGAGACG-1,18.963196,2.7755613,0,Tcm/Naive helper T cells,Tcm/Naive helper T cells,0.9953493227071057
GAACCTGATGAACC-1,16.969593,1.3843762,0,Tcm/Naive helper T cells,Tcm/Naive helper T cells,0.4567186251142622
GAACGGGATACTTC-1,18.55615,1.1815577,0,Tcm/Naive helper T cells,Tcm/Naive helper T cells,0.9935688209171784
GAACGTTGACGGAG-1,16.617807,-2.1399715,4,Trm cytotoxic T cells,CD16+ NK cells,0.2935221236974321
GAACTGTGACCTGA-1,-2.4881506,-1.8471906,5,Non-classical monocytes,Non-classical monocytes,0.9998804540196217
GAACTGTGCCAGTA-1,-3.8758414,1.5422795,3,Classical monocytes,Classical monocytes,0.9991713534751457
GAAGAATGCAATCG-1,18.07222,1.5557802,0,Tcm/Naive cytotoxic T cells,Tcm/Naive helper T cells,0.9962531571669709
GAAGCGGACCTATT-1,-2.8706472,0.26624942,3,Classical monocytes,Classical monocytes,0.32162198879267867
GAAGCTACGAATGA-1,-3.1548188,-0.25468743,3,Classical monocytes,Classical monocytes,0.5003527964910267
GAAGCTACGGTTTG-1,15.695038,2.9533796,0,Regulatory T cells,Tcm/Naive helper T cells,0.656590878524952
GAAGGGTGAAAGTG-1,15.65072,2.2626483,0,Tem/Effector helper T cells,Tcm/Naive helper T cells,0.7300775415319122
GAAGGGTGCTTAGG-1,-3.506589,1.4169676,3,Classical monocytes,Classical monocytes,0.9956704166198568
GAAGGTCTGAAAGT-1,16.089405,2.9292622,0,Regulatory T cells,Tcm/Naive helper T cells,0.997028645955231
GAAGGTCTGTTGCA-1,19.642145,2.123442,0,Tcm/Naive cytotoxic T cells,Tcm/Naive helper T cells,0.959294861725042
GAAGGTCTTAAAGG-1,-1.240438,2.9208603,6,DC,DC,0.9965606759193587
GAAGTAGACTCCCA-1,16.0697,-1.2645448,4,NK cells,CD16+ NK cells,0.2882491062071819
GAAGTAGATCCAAG-1,-2.8149345,-1.9349638,5,Non-classical monocytes,Non-classical monocytes,0.9999527939732004
GAAGTCACCCTCGT-1,-4.582376,0.32195216,3,Classical monocytes,Classical monocytes,0.9811255110866126
GAAGTCACCCTGTC-1,10.51893,14.98184,2,B cells,B cells,0.9997564685520032
GAAGTCTGTCGCAA-1,9.219168,14.686107,2,B cells,B cells,0.9949352843761478
GAAGTCTGTTCTGT-1,19.127974,0.25596923,1,Tcm/Naive helper T cells,Tcm/Naive helper T cells,0.6058089199546849
GAAGTGCTAAACGA-1,14.326233,-2.038114,4,CD16+ NK cells,CD16+ NK cells,0.9998643316436837
GAAGTGCTCCGCTT-1,-3.460923,0.017678028,3,Classical monocytes,Classical monocytes,0.863513448644688
GAAGTGCTTAACCG-1,17.849274,2.6164906,0,Tcm/Naive helper T cells,Tcm/Naive helper T cells,0.06586813773190003
GAATGCACCCTAAG-1,16.862888,2.3470914,0,Tcm/Naive helper T cells,Tcm/Naive helper T cells,0.8573202590256361
GAATGCACCTTCGC-1,14.121372,-2.9486573,4,CD16+ NK cells,CD16+ NK cells,0.9999965827139378
GAATGCTGCGGTAT-1,19.69959,1.3110893,1,Tcm/Naive cytotoxic T cells,Tcm/Naive helper T cells,0.983174796086662
GAATGGCTAAGATG-1,20.215292,-0.07800971,1,Tcm/Naive helper T cells,Tcm/Naive helper T cells,0.9460906526405595
GAATTAACGATAAG-1,19.062195,2.8925579,0,Tcm/Naive helper T cells,Tcm/Naive helper T cells,0.9991017912900511
GAATTAACGGTCAT-1,18.455591,0.8660095,0,Tem/Effector helper T cells,Tcm/Naive helper T cells,0.35515945047553005
GAATTAACGTCGTA-1,14.934863,-2.0081923,4,CD16+ NK cells,CD16+ NK cells,0.4732421399109708
GAATTAACTGAAGA-1,10.800943,14.318297,2,B cells,B cells,0.984060967340545
GACAACACAGGCGA-1,18.756191,3.0495515,1,Tcm/Naive helper T cells,Tcm/Naive helper T cells,0.9925276480628874
GACAACACATCGTG-1,18.31488,1.728199,0,Tcm/Naive helper T cells,Tcm/Naive helper T cells,0.7349810918387212
GACAACACTCGCCT-1,19.013527,1.1112051,1,Tcm/Naive cytotoxic T cells,Tcm/Naive helper T cells,0.684296435430791
GACAACTGAGGTTC-1,16.814781,2.0706184,0,Tem/Effector helper T cells,Tcm/Naive helper T cells,0.5500041519952097
GACAGGGAAGAGTA-1,9.476702,15.134515,2,B cells,B cells,0.9890296938425902
GACAGGGAATGCCA-1,16.526337,2.5990229,0,Tcm/Naive helper T cells,Tcm/Naive helper T cells,0.8599364660461041
GACAGTACGAGCTT-1,-2.924859,-1.4424168,5,Non-classical monocytes,Non-classical monocytes,0.9997466945157986
GACAGTACTTCGGA-1,-2.8162649,-2.1643946,5,Non-classical monocytes,Non-classical monocytes,0.9999443643895367
GACAGTTGAGTAGA-1,8.975994,14.483713,2,B cells,B cells,0.9683920153341656
GACATTCTCCACCT-1,-1.2881826,2.9504561,6,DC,DC,0.8122208932132253
GACCAAACGACTAC-1,-3.4658527,-0.14193366,3,Classical monocytes,Classical monocytes,0.7387475794165334
GACCAAACGTATCG-1,-3.6028647,0.6405341,3,Classical monocytes,Classical monocytes,0.9580100047244224
GACCATGACTCTCG-1,-5.7093716,0.08966013,3,Classical monocytes,Classical monocytes,0.6455708004751973
GACCCTACTAAAGG-1,9.179615,15.440288,2,B cells,B cells,0.9041745047569243
GACCTAGACCTCAC-1,18.113258,0.3616993,0,Tcm/Naive cytotoxic T cells,Tcm/Naive helper T cells,0.05593903901399611
GACCTAGACGAGAG-1,17.531132,0.05062279,0,Tcm/Naive helper T cells,Tcm/Naive helper T cells,0.3223426335215327
GACCTCACAAGGTA-1,20.062864,1.2981511,1,Tcm/Naive cytotoxic T cells,Tcm/Naive helper T cells,0.9859938349014039
GACCTCACGTACGT-1,-3.610195,-0.10097753,3,Classical monocytes,Classical monocytes,0.9741483784531503
GACCTCTGCATCAG-1,17.572844,3.2691813,0,Tcm/Naive cytotoxic T cells,Tcm/Naive helper T cells,0.988489137526002
GACGAACTCCCACT-1,18.623909,2.5210023,0,Tcm/Naive helper T cells,Tcm/Naive helper T cells,0.9549146804475455
GACGATTGCCAATG-1,10.015858,15.484965,2,B cells,B cells,0.9614384216256477
GACGCCGACCTTCG-1,15.59657,1.6408869,0,Regulatory T cells,Tcm/Naive helper T cells,0.7208706989142049
GACGCTCTCTCTCG-1,-0.46979514,-0.9054087,7,Megakaryocytes/platelets,Megakaryocytes/platelets,0.6521485846359393
GACGGCACACGGGA-1,14.142243,-2.4596014,4,CD16+ NK cells,CD16+ NK cells,0.9870205434721993
GACGGCACGAGATA-1,-2.8773556,0.8736418,3,Classical monocytes,Classical monocytes,0.9945899241665385
GACGTAACCTATGG-1,19.32155,2.0951548,0,Tcm/Naive helper T cells,Tcm/Naive helper T cells,0.9801083853650665
GACGTAACCTGTGA-1,15.408588,1.503862,0,Tcm/Naive helper T cells,Tcm/Naive helper T cells,0.7474927207698957
GACGTAACTATGGC-1,16.232124,2.1711535,0,Tem/Effector helper T cells,Tcm/Naive helper T cells,0.8888657644448592
GACGTATGTTGACG-1,17.820839,2.624995,0,Tcm/Naive cytotoxic T cells,Tcm/Naive helper T cells,0.9124257796804666
GACGTATGTTTGCT-1,18.351833,2.813746,0,Tcm/Naive cytotoxic T cells,Tcm/Naive helper T cells,0.9976580534829889
GACGTCCTACGGAG-1,16.86001,1.0939287,0,Tem/Effector helper T cells,Tcm/Naive helper T cells,0.8613450282966075
GACGTCCTCTCAAG-1,-3.7926505,-0.24715854,3,Classical monocytes,Classical monocytes,0.7525426230267851
GACGTCCTGATAAG-1,11.002584,14.292392,2,B cells,B cells,0.8653250713121656
GACTACGATGGTCA-1,9.90519,14.766541,2,B cells,B cells,0.9866707435966889
GACTCCTGCTCGCT-1,18.746075,2.231252,0,Tcm/Naive helper T cells,Tcm/Naive helper T cells,0.9318976289266679
GACTCCTGGGTTAC-1,18.272139,2.8264422,0,Tcm/Naive cytotoxic T cells,Tcm/Naive helper T cells,0.983383867969312
GACTCCTGTTATCC-1,16.145039,0.9700077,0,Tem/Effector helper T cells,Tcm/Naive helper T cells,0.9070432235404176
GACTCCTGTTGGTG-1,-3.2308998,1.6409556,3,Classical monocytes,Classical monocytes,0.9918787585396088
GACTGAACAACCGT-1,10.619648,15.053868,2,B cells,B cells,0.9845497636546474
GACTGAACCAATCG-1,-4.684351,1.4574853,3,Classical monocytes,Classical monocytes,0.994410258554292
GACTGATGTGATGC-1,18.475945,2.2103162,0,Tcm/Naive cytotoxic T cells,Tcm/Naive helper T cells,0.9998551589524236
GACTTTACATGCCA-1,19.58386,1.2077336,1,Tcm/Naive helper T cells,Tcm/Naive helper T cells,0.934422723607777
GACTTTACGACAGG-1,11.096044,14.987412,2,B cells,B cells,0.9970603630736026
GAGAAATGTTCTCA-1,10.913287,14.779191,2,B cells,B cells,0.6544717826224259
GAGATAGAAAAAGC-1,-3.0857255,0.5929882,3,Classical monocytes,Classical monocytes,0.854184316666137
GAGATCACGACAAA-1,-2.7516325,-1.5657729,5,Non-classical monocytes,Non-classical monocytes,0.9984924062286795
GAGATGCTCTGGAT-1,16.012314,-1.0864723,4,MAIT cells,CD16+ NK cells,0.6849544713052177
GAGATGCTGAATGA-1,17.31422,2.0668488,0,Tem/Effector helper T cells,Tcm/Naive helper T cells,0.9054732870645784
GAGCAGGATTCCCG-1,16.457367,-1.3793697,4,MAIT cells,CD16+ NK cells,0.7376456954708284
GAGCATACTTTGCT-1,-3.798535,-2.1477933,5,Non-classical monocytes,Non-classical monocytes,0.9015013264973113
GAGCGCACGCGTAT-1,-4.879824,1.7084541,3,Classical monocytes,Classical monocytes,0.9904814918086172
GAGCGCACGGTGAG-1,17.521662,-0.34642515,4,MAIT cells,CD16+ NK cells,0.9414345926031241
GAGCGCTGAAGATG-1,14.224521,-1.9197865,4,CD16+ NK cells,CD16+ NK cells,0.9999571848516177
GAGCGCTGTCTTAC-1,-4.2383585,1.8179429,3,Classical monocytes,Classical monocytes,0.9766778514473503
GAGCGGCTGGGAGT-1,10.089442,15.467449,2,B cells,B cells,0.9614885849309648
GAGGACGACTCAGA-1,18.043327,-0.06911044,0,Tem/Trm cytotoxic T cells,Tcm/Naive helper T cells,0.36501323007172887
GAGGATCTGAAAGT-1,10.451931,15.481021,2,B cells,B cells,0.8164421348718508
GAGGCAGACTTGCC-1,15.911289,-2.7078571,4,NK cells,CD16+ NK cells,0.6756408550023614
GAGGGAACACCAGT-1,16.035372,0.5451412,0,Tcm/Naive helper T cells,Tcm/Naive helper T cells,0.6763247640521488
GAGGGAACGAGGGT-1,16.822641,2.9585378,0,Tem/Effector helper T cells,Tcm/Naive helper T cells,0.8962648183147958
GAGGGATGGGAAAT-1,16.961477,1.9381286,0,Regulatory T cells,Tcm/Naive helper T cells,0.9945203489599912
GAGGGCCTTCACCC-1,15.529862,0.9510227,0,Tem/Effector helper T cells,Tcm/Naive helper T cells,0.28483996107047116
GAGGGTGAAGAGTA-1,18.023678,1.4679304,0,Tcm/Naive helper T cells,Tcm/Naive helper T cells,0.9734382589346492
GAGGTACTACGGTT-1,19.246603,1.628943,1,Tcm/Naive cytotoxic T cells,Tcm/Naive helper T cells,0.9993368994663361
GAGGTACTACTCAG-1,-5.011203,2.0652556,3,Classical monocytes,Classical monocytes,0.9364302477816323
GAGGTACTGACACT-1,15.197673,-2.4373224,4,CD16+ NK cells,CD16+ NK cells,0.9866553003438063
GAGGTACTGGGAGT-1,18.19873,0.96962124,0,Tem/Effector helper T cells,Tcm/Naive helper T cells,0.3933290341481865
GAGGTACTTAGCGT-1,-3.541094,0.8402455,3,Classical monocytes,Classical monocytes,0.7917147758890508
GAGGTGGAGTACGT-1,19.84151,0.978097,1,Tcm/Naive cytotoxic T cells,Tcm/Naive helper T cells,0.9854486656575473
GAGGTGGATCCTCG-1,14.664046,-3.0274656,4,CD16+ NK cells,CD16+ NK cells,0.9999463944176813
GAGGTTACTCGTTT-1,-3.3611758,1.0416563,3,Monocytes,Classical monocytes,0.3495596609853718
GAGGTTTGTAAGCC-1,-5.596702,0.6227967,3,Classical monocytes,Classical monocytes,0.8640961087055099
GAGTCAACCATTCT-1,18.84034,0.25414363,1,Tcm/Naive helper T cells,Tcm/Naive helper T cells,0.252524312689991
GAGTCAACGGGAGT-1,19.883718,2.0472417,1,Tcm/Naive helper T cells,Tcm/Naive helper T cells,0.848381787113186
GAGTCTGATCGTGA-1,17.572702,0.3194094,0,Tcm/Naive cytotoxic T cells,Tcm/Naive helper T cells,0.7630245351373962
GAGTCTGATTTGGG-1,10.241891,15.7030525,2,B cells,B cells,0.9619172612709231
GAGTGACTCAGCTA-1,16.423113,2.9728248,0,Regulatory T cells,Tcm/Naive helper T cells,0.9945327967435711
GAGTGACTCGGTAT-1,16.60796,-1.5870484,4,Tem/Trm cytotoxic T cells,CD16+ NK cells,0.9946617338885451
GAGTGACTCTTGCC-1,9.86917,14.698087,2,B cells,B cells,0.9981325988231046
GAGTGACTGACTAC-1,10.7422285,14.603484,2,B cells,B cells,0.9898083481369551
GAGTGACTGTCTAG-1,18.497818,2.0993652,0,Tcm/Naive helper T cells,Tcm/Naive helper T cells,0.9496827314257613
GAGTGGGAGTCTTT-1,10.437462,14.824778,2,B cells,B cells,0.9935508576834663
GAGTGGGATGCCCT-1,18.996162,0.9925234,1,Tcm/Naive cytotoxic T cells,Tcm/Naive helper T cells,0.9969980009947733
GAGTGGGATGCTGA-1,9.899063,15.341904,2,B cells,B cells,0.7763221412882039
GAGTGTTGCTGTAG-1,15.6713085,1.4798858,0,Tem/Effector helper T cells,Tcm/Naive helper T cells,0.8969881406894394
GAGTGTTGTGGTCA-1,19.53832,1.7635812,1,Tcm/Naive helper T cells,Tcm/Naive helper T cells,0.9895595673414063
GAGTTGTGCATGGT-1,-6.0658684,0.6403909,3,Classical monocytes,Classical monocytes,0.9047942730516125
GAGTTGTGCTGAGT-1,15.72379,-1.2147771,4,Tem/Trm cytotoxic T cells,CD16+ NK cells,0.6200522019159586
GAGTTGTGGCGAGA-1,-5.71474,0.99908924,3,Classical monocytes,Classical monocytes,0.9997091740321457
GAGTTGTGGTAGCT-1,-0.64227057,-0.7205602,7,Megakaryocytes/platelets,Megakaryocytes/platelets,0.9978112739578422
GAGTTGTGTATGCG-1,-3.2315927,-2.2164788,5,Non-classical monocytes,Non-classical monocytes,0.9998889730998591
GATAAGGAGAAACA-1,-5.889096,1.159636,3,Classical monocytes,Classical monocytes,0.9163708034934401
GATAAGGATTCACT-1,-4.0925155,0.532537,3,Classical monocytes,Classical monocytes,0.9643383710579962
GATACTCTATCGGT-1,18.46721,2.470128,0,Tcm/Naive helper T cells,Tcm/Naive helper T cells,0.9828718112309727
GATACTCTTACTTC-1,17.45135,3.320896,0,Tcm/Naive cytotoxic T cells,Tcm/Naive helper T cells,0.993293633974277
GATACTCTTGACTG-1,-3.3859088,1.492544,3,Classical monocytes,Classical monocytes,0.974449632740564
GATAGAGAAGGGTG-1,15.098422,-2.172298,4,NKT cells,CD16+ NK cells,0.31490546099675715
GATAGAGACTGTGA-1,16.489134,1.8662434,0,Tcm/Naive helper T cells,Tcm/Naive helper T cells,0.5930631413636007
GATAGAGATCACGA-1,-2.0556247,2.2183986,6,Monocytes,DC,0.7094851072036514
GATAGCACCCATAG-1,17.262377,1.6228247,0,Tcm/Naive helper T cells,Tcm/Naive helper T cells,0.5971237218715285
GATAGCACGAAGGC-1,-2.5816875,-0.36091644,5,Non-classical monocytes,Non-classical monocytes,0.9947889044044567
GATAGCACTTGTCT-1,17.68587,1.4889827,0,Tcm/Naive cytotoxic T cells,Tcm/Naive helper T cells,0.9982302282466917
GATATAACAAGGTA-1,15.707413,1.3034856,0,Tem/Effector helper T cells,Tcm/Naive helper T cells,0.8779131106194691
GATATAACACGCAT-1,19.092016,1.4750468,1,Tcm/Naive helper T cells,Tcm/Naive helper T cells,0.9953610163585291
GATATATGCTGGAT-1,19.187344,1.5296088,1,Tcm/Naive helper T cells,Tcm/Naive helper T cells,0.9099168314393119
GATATATGTCCGTC-1,16.010242,-2.358624,4,NKT cells,CD16+ NK cells,0.7069045585994194
GATATATGTGGAGG-1,-4.0681376,1.2690976,3,Classical monocytes,Classical monocytes,0.6896755387345709
GATATCCTAGAAGT-1,17.977812,3.0932262,0,Tcm/Naive helper T cells,Tcm/Naive helper T cells,0.9063945851648161
GATATCCTCCCGTT-1,-5.3906455,1.2352247,3,Classical monocytes,Classical monocytes,0.9657388577002436
GATATTGACAGGAG-1,16.364445,-0.081935175,4,MAIT cells,CD16+ NK cells,0.461063382649194
GATATTGACGAGTT-1,-3.186977,-2.0583048,5,Non-classical monocytes,Non-classical monocytes,0.9630224175941974
GATATTGAGCCAAT-1,18.788025,1.3159182,1,Tcm/Naive helper T cells,Tcm/Naive helper T cells,0.956649774013042
GATCCCTGACCTTT-1,14.359232,-3.1744792,4,CD16+ NK cells,CD16+ NK cells,0.9997633423097911
GATCCCTGTGTAGC-1,16.674673,-0.6640843,4,Tem/Temra cytotoxic T cells,CD16+ NK cells,0.23334736672079598
GATCCGCTGGTCAT-1,-2.6488535,0.9617544,3,Classical monocytes,Classical monocytes,0.9984986512245074
GATCGAACCGAGAG-1,15.246967,2.1791835,0,MAIT cells,Tcm/Naive helper T cells,0.2697704577976824
GATCGATGACTAGC-1,9.674351,16.119705,2,B cells,B cells,0.9998215657156238
GATCGATGGTAAAG-1,10.199931,14.679213,2,B cells,B cells,0.9989693346020633
GATCGATGTAAGGA-1,-3.6952715,0.7895257,3,Classical monocytes,Classical monocytes,0.9769515451600775
GATCGTGACACTAG-1,16.689838,2.328907,0,Tcm/Naive helper T cells,Tcm/Naive helper T cells,0.27721789517096657
GATCGTGATTCACT-1,17.159704,1.759238,0,Tem/Effector helper T cells,Tcm/Naive helper T cells,0.3003822810290118
GATCTACTGGTGAG-1,17.478636,-0.35317886,4,Tcm/Naive helper T cells,CD16+ NK cells,0.7812790198495989
GATCTACTTTGCAG-1,9.166406,15.37198,2,B cells,B cells,0.9881275150163822
GATCTTACACCCAA-1,-3.160901,-1.7461057,5,Non-classical monocytes,Non-classical monocytes,0.9813098400704036
GATCTTACCCTACC-1,17.560951,2.4353456,0,Tcm/Naive helper T cells,Tcm/Naive helper T cells,0.916009195366058
GATCTTACGAATAG-1,-5.011099,0.01755958,3,Monocytes,Classical monocytes,0.8623589642692054
GATCTTACGAGATA-1,-4.8039713,2.0209105,3,Classical monocytes,Classical monocytes,0.9915393182114693
GATGCAACTCCAGA-1,16.354374,1.536825,0,Tcm/Naive helper T cells,Tcm/Naive helper T cells,0.9305944322039594
GATGCCCTACGTAC-1,15.376635,1.8224481,0,Tcm/Naive helper T cells,Tcm/Naive helper T cells,0.47425399074851404
GATGCCCTCTCATT-1,16.957382,1.1833609,0,Tcm/Naive helper T cells,Tcm/Naive helper T cells,0.9982545007554708
GATGCCCTGGCAAG-1,-4.38469,0.777481,3,Classical monocytes,Classical monocytes,0.8865459310420728
GATGCCCTTTTGCT-1,18.784145,0.17511827,1,Regulatory T cells,Tcm/Naive helper T cells,0.361740713780666
GATTACCTTGTTCT-1,18.784687,1.3128754,1,Tcm/Naive cytotoxic T cells,Tcm/Naive helper T cells,0.9857768314988498
GATTCGGAACGACT-1,18.70347,0.6509515,1,Tcm/Naive helper T cells,Tcm/Naive helper T cells,0.7678247866780997
GATTCGGACAGGAG-1,-3.6052403,0.8918692,3,Non-classical monocytes,Classical monocytes,0.6425464881273987
GATTCGGAGAAGGC-1,-2.9737499,-1.3009194,5,Non-classical monocytes,Non-classical monocytes,0.9991295445465784
GATTCTTGATTCGG-1,-2.4034612,1.2575023,3,Classical monocytes,Classical monocytes,0.9915884165519512
GATTCTTGCCGATA-1,17.38101,0.43575782,0,T(agonist),Tcm/Naive helper T cells,0.5044144888127156
GATTCTTGCGAGTT-1,9.856183,14.40463,2,B cells,B cells,0.9922829673035244
GATTGGACCCGTTC-1,10.027592,14.267639,2,B cells,B cells,0.8026487568714727
GATTGGACGGTGTT-1,9.759004,14.787356,2,B cells,B cells,0.9061554409988133
GATTGGACTTTCGT-1,10.223853,14.878442,2,B cells,B cells,0.8930455568866106
GATTGGTGTGTCAG-1,15.170998,1.9500688,0,Tcm/Naive helper T cells,Tcm/Naive helper T cells,0.8696112037598117
GATTTAGACACTCC-1,-2.871445,-2.3624346,5,Non-classical monocytes,Non-classical monocytes,0.9999421716267349
GATTTAGACTAAGC-1,9.20501,14.890687,2,B cells,B cells,0.9950520530535708
GATTTAGATTCGTT-1,-6.274268,0.1623273,3,Classical monocytes,Classical monocytes,0.8214879744717599
GATTTGCTAACGAA-1,18.52819,2.4739625,0,Tcm/Naive helper T cells,Tcm/Naive helper T cells,0.8276191406273288
GATTTGCTAACGGG-1,-5.605728,1.1400174,3,Classical monocytes,Classical monocytes,0.9286220595612901
GCAACCCTCCTCGT-1,-5.932411,1.2700487,3,Classical monocytes,Classical monocytes,0.8691998723240901
GCAACTGATTGCGA-1,19.350964,2.4522262,1,Tcm/Naive cytotoxic T cells,Tcm/Naive helper T cells,0.9760112761801583
GCAAGACTACTGGT-1,15.454466,2.591697,0,Tem/Effector helper T cells,Tcm/Naive helper T cells,0.478552717353115
GCAAGACTAGGTCT-1,15.830813,3.1700864,0,Tem/Effector helper T cells,Tcm/Naive helper T cells,0.4894311403689593
GCAAGACTCCCTTG-1,17.950499,2.7136607,0,Tcm/Naive helper T cells,Tcm/Naive helper T cells,0.898027107925709
GCAATCGACTGCAA-1,16.434137,0.0051949313,4,Tem/Trm cytotoxic T cells,CD16+ NK cells,0.4112072400489798
GCAATCGAGACGTT-1,-2.3868203,-0.3473777,3,Non-classical monocytes,Classical monocytes,0.9443028437749134
GCAATCGATCCTTA-1,-3.004391,0.067114875,3,Classical monocytes,Classical monocytes,0.9813435783470302
GCAATTCTCGTGTA-1,16.310963,1.6075985,0,Tcm/Naive helper T cells,Tcm/Naive helper T cells,0.9174443114886324
GCAATTCTTCTCCG-1,16.74711,1.6261015,0,Tcm/Naive helper T cells,Tcm/Naive helper T cells,0.5408258635252662
GCACAAACAATGCC-1,17.573246,0.061767116,0,MAIT cells,Tcm/Naive helper T cells,0.9397411948620981
GCACAAACGGTACT-1,16.231508,0.909342,0,Tem/Effector helper T cells,Tcm/Naive helper T cells,0.33245034065111156
GCACAATGGTGCAT-1,-2.6700935,1.9481677,3,DC,Classical monocytes,0.3608168162376591
GCACACCTGTGCTA-1,14.87626,-3.0027986,4,CD16+ NK cells,CD16+ NK cells,0.9992349681649844
GCACCACTCATGAC-1,-4.26209,1.645117,3,Classical monocytes,Classical monocytes,0.896624294581062
GCACCACTGTTTGG-1,-5.8977,0.20257686,3,Myelocytes,Classical monocytes,0.60272616612736
GCACCACTTCCTTA-1,14.020955,-2.6110618,4,CD16+ NK cells,CD16+ NK cells,0.9999059977503292
GCACCACTTTCGGA-1,-3.3566513,1.3492408,3,Classical monocytes,Classical monocytes,0.8809651488273658
GCACCTACGCGATT-1,15.875859,2.136009,0,Tem/Effector helper T cells,Tcm/Naive helper T cells,0.9669283308687807
GCACCTTGGCTGTA-1,18.196152,0.8727311,0,Tem/Effector helper T cells,Tcm/Naive helper T cells,0.5729028999296794
GCACCTTGGGGAGT-1,-2.3143473,-0.10681615,3,Non-classical monocytes,Classical monocytes,0.8723284928906324
GCACGGACCAGCTA-1,15.664096,1.01004,0,Tcm/Naive helper T cells,Tcm/Naive helper T cells,0.5444054676085925
GCACGGTGACCTCC-1,18.078331,2.427013,0,Tcm/Naive helper T cells,Tcm/Naive helper T cells,0.9992571789421693
GCACGGTGCTATGG-1,-2.7461605,1.1229686,3,Classical monocytes,Classical monocytes,0.9591744789936405
GCACTAGAACGGGA-1,15.848883,2.9684768,0,Tcm/Naive helper T cells,Tcm/Naive helper T cells,0.8845140974357901
GCACTAGAAGATGA-1,9.278613,14.81193,2,B cells,B cells,0.7062551697338136
GCACTAGACCTTTA-1,-3.5846536,-1.229633,5,Non-classical monocytes,Non-classical monocytes,0.998591710989556
GCACTAGACGTAAC-1,10.083868,15.51158,2,B cells,B cells,0.9970075137564299
GCACTAGAGTCGTA-1,14.167936,-1.0527993,4,NK cells,CD16+ NK cells,0.4964681731417031
GCACTAGATGCAAC-1,16.25844,3.452154,0,Tcm/Naive helper T cells,Tcm/Naive helper T cells,0.765477300499886
GCACTGCTGAGGCA-1,16.236515,0.49230802,0,Tcm/Naive cytotoxic T cells,Tcm/Naive helper T cells,0.7714080958400551
GCAGATACAGCGTT-1,17.495543,-1.0388912,4,MAIT cells,CD16+ NK cells,0.9995533480867684
GCAGATACGACGGA-1,17.997612,0.28922707,0,Tcm/Naive helper T cells,Tcm/Naive helper T cells,0.6454390667860435
GCAGATACGCAGAG-1,17.783285,2.1966543,0,Tcm/Naive helper T cells,Tcm/Naive helper T cells,0.9641108365294777
GCAGCCGACAGTCA-1,17.95344,1.089969,0,Tcm/Naive cytotoxic T cells,Tcm/Naive helper T cells,0.880728676549665
GCAGCGTGCACTCC-1,17.940567,2.9484966,0,Tcm/Naive helper T cells,Tcm/Naive helper T cells,0.9441455463138846
GCAGCTCTCAATCG-1,19.054636,2.6283305,0,Tcm/Naive helper T cells,Tcm/Naive helper T cells,0.9652816752864235
GCAGCTCTGTTTCT-1,16.371649,1.7990925,0,Tcm/Naive cytotoxic T cells,Tcm/Naive helper T cells,0.4271480212579976
GCAGGGCTAAGAAC-1,19.038586,1.2123482,1,Tcm/Naive helper T cells,Tcm/Naive helper T cells,0.7680813994926649
GCAGGGCTAAGGGC-1,17.497,1.9075257,0,Tcm/Naive helper T cells,Tcm/Naive helper T cells,0.9880645728008949
GCAGGGCTATCGAC-1,14.1275835,-2.789415,4,CD16+ NK cells,CD16+ NK cells,0.9988901687377127
GCAGGGCTTGGGAG-1,16.376228,-0.6843612,4,MAIT cells,CD16+ NK cells,0.9476655960533049
GCAGTCCTAACTGC-1,17.02766,0.84096134,0,Tcm/Naive helper T cells,Tcm/Naive helper T cells,0.30987563158176046
GCAGTCCTCTCTTA-1,18.30024,2.4242249,0,Tcm/Naive helper T cells,Tcm/Naive helper T cells,0.9710297337187181
GCATCAGATGCGTA-1,16.673264,-0.4906978,4,Type 1 helper T cells,CD16+ NK cells,0.5954072311262196
GCATGTGACAAGCT-1,19.083658,1.0635898,1,Tcm/Naive helper T cells,Tcm/Naive helper T cells,0.9961373881608105
GCATTGGAGAAGGC-1,16.530529,2.8577137,0,Tcm/Naive helper T cells,Tcm/Naive helper T cells,0.7110691875468458
GCCAAAACGAGGCA-1,16.645262,-1.001561,4,MAIT cells,CD16+ NK cells,0.9803877600703718
GCCAAATGATCGAC-1,16.782402,0.28939018,0,Tem/Effector helper T cells,Tcm/Naive helper T cells,0.9231573549536543
GCCAACCTACGGTT-1,18.71114,2.739388,0,Tcm/Naive helper T cells,Tcm/Naive helper T cells,0.9981511078100641
GCCAACCTCGCCTT-1,17.989788,1.6843674,0,Tcm/Naive cytotoxic T cells,Tcm/Naive helper T cells,0.5791061373692483
GCCACGGAGGCGAA-1,-4.7570305,0.120544836,3,Classical monocytes,Classical monocytes,0.922902172943403
GCCACGGATACTGG-1,19.391268,0.5611142,1,Tcm/Naive cytotoxic T cells,Tcm/Naive helper T cells,0.6702490776948247
GCCACTACCTACTT-1,9.630494,15.681897,2,B cells,B cells,0.8401923800103713
GCCACTACGTCTTT-1,17.59814,1.6711601,0,Tem/Effector helper T cells,Tcm/Naive helper T cells,0.4384229538820559
GCCCAACTACCGAT-1,17.794363,1.9962262,0,Tcm/Naive cytotoxic T cells,Tcm/Naive helper T cells,0.9376573474275851
GCCCAACTATGGTC-1,16.25432,-2.511113,4,Tem/Temra cytotoxic T cells,CD16+ NK cells,0.1169743049495735
GCCCATACAGCGTT-1,16.014233,0.7371748,0,Cycling T cells,Tcm/Naive helper T cells,0.18491992225578244
GCCGACGAACTCTT-1,-3.1487606,0.59632045,3,Classical monocytes,Classical monocytes,0.7811861497146557
GCCGAGTGCGTTGA-1,15.719487,0.25179133,4,Tem/Effector helper T cells,CD16+ NK cells,0.6933791865400507
GCCGGAACGAACTC-1,16.510824,-1.4351726,4,Tem/Trm cytotoxic T cells,CD16+ NK cells,0.9547009120690504
GCCGGAACGTTCTT-1,14.744079,-2.3000317,4,CD16+ NK cells,CD16+ NK cells,0.9937356316158936
GCCGGAACTGCACA-1,15.875545,-2.6604762,4,CD16+ NK cells,CD16+ NK cells,0.9896126560876184
GCCGGAACTTACTC-1,17.301674,2.8842468,0,Tcm/Naive helper T cells,Tcm/Naive helper T cells,0.8845692172988632
GCCGTACTACCTGA-1,19.380238,0.6263629,1,Tcm/Naive cytotoxic T cells,Tcm/Naive helper T cells,0.9756603014961118
GCCGTACTGGCAAG-1,-4.4421277,0.971954,3,Classical monocytes,Classical monocytes,0.9982969293658598
GCCTACACAGTTCG-1,14.187603,-2.1959088,4,CD16+ NK cells,CD16+ NK cells,0.9969028923699415
GCCTACACCACTGA-1,-3.2693987,-1.2634783,5,Non-classical monocytes,Non-classical monocytes,0.9991155213262191
GCCTACACCTTGAG-1,18.203438,2.7901375,0,Tcm/Naive helper T cells,Tcm/Naive helper T cells,0.7123845365879306
GCCTAGCTACGGAG-1,9.886582,15.986619,2,B cells,B cells,0.9611202268794157
GCCTAGCTCTATTC-1,17.224213,3.0765584,0,Tem/Effector helper T cells,Tcm/Naive helper T cells,0.5051876552211026
GCCTAGCTTCTCAT-1,17.61291,1.4122779,0,Tcm/Naive cytotoxic T cells,Tcm/Naive helper T cells,0.5743492476329993
GCCTAGCTTCTCTA-1,-3.256184,-2.3848135,5,Non-classical monocytes,Non-classical monocytes,0.8478833311837862
GCCTCAACCATGGT-1,17.506842,1.5409433,0,Tcm/Naive cytotoxic T cells,Tcm/Naive helper T cells,0.9201382370080202
GCCTCAACTCTTTG-1,13.803112,2.5779593,8,Tem/Trm cytotoxic T cells,Tem/Trm cytotoxic T cells,0.2638670995825008
GCCTCATGTCTTAC-1,16.035686,-0.22284879,4,Regulatory T cells,CD16+ NK cells,0.16997630793942986
GCCTGACTCTCAAG-1,-5.0095005,0.6041759,3,Classical monocytes,Classical monocytes,0.9965346934012602
GCGAAGGAACTCTT-1,19.04281,0.911337,1,Tcm/Naive cytotoxic T cells,Tcm/Naive helper T cells,0.5956797351587817
GCGAAGGAGAGCTT-1,13.62087,2.6133852,8,Double-positive thymocytes,Tem/Trm cytotoxic T cells,0.473698522671788
GCGAAGGATGCCAA-1,17.992977,0.547608,0,Tcm/Naive cytotoxic T cells,Tcm/Naive helper T cells,0.8635055380476466
GCGAGAGAGGGACA-1,16.909756,1.8802387,0,Tcm/Naive helper T cells,Tcm/Naive helper T cells,0.22807490594445803
GCGAGCACTGTCGA-1,11.482797,14.964841,2,B cells,B cells,0.9129242293565096
GCGAGCACTTGACG-1,17.694378,3.0769722,0,Tcm/Naive cytotoxic T cells,Tcm/Naive helper T cells,0.9555107318736704
GCGAGCACTTGCTT-1,-3.6983714,1.4337953,3,Classical monocytes,Classical monocytes,0.6818412535794905
GCGATATGGTACGT-1,16.59286,3.0854692,0,Tcm/Naive helper T cells,Tcm/Naive helper T cells,0.9956438059543484
GCGATATGGTGTTG-1,19.214674,1.3279867,1,Tcm/Naive helper T cells,Tcm/Naive helper T cells,0.9895464308549106
GCGCACGAAGTCGT-1,19.390202,1.7415959,1,Tcm/Naive cytotoxic T cells,Tcm/Naive helper T cells,0.9970899840162913
GCGCACGACTTTAC-1,-5.205835,1.6289064,3,Classical monocytes,Classical monocytes,0.9966799114211018
GCGCATCTAGGTCT-1,19.558481,0.43879864,1,Tcm/Naive helper T cells,Tcm/Naive helper T cells,0.9838427019841469
GCGCATCTGGTTAC-1,-1.1765,-0.693643,7,B cells,Megakaryocytes/platelets,0.6393428832062044
GCGCATCTTCGATG-1,18.631773,2.1203501,0,Tcm/Naive cytotoxic T cells,Tcm/Naive helper T cells,0.5737657276250037
GCGCATCTTGCTCC-1,15.2238035,-2.4500775,4,CD16+ NK cells,CD16+ NK cells,0.9999838325647703
GCGCATCTTTCTAC-1,17.179493,2.327344,0,Tcm/Naive helper T cells,Tcm/Naive helper T cells,0.9900388641160891
GCGCGAACGTTCTT-1,9.90743,15.657069,2,B cells,B cells,0.9979181220440108
GCGCGATGAACGGG-1,18.85935,3.1832676,0,Tcm/Naive helper T cells,Tcm/Naive helper T cells,0.9321965910840716
GCGCGATGGTGCAT-1,14.130388,-1.6551865,4,CD16+ NK cells,CD16+ NK cells,0.9062812289459015
GCGGAGCTCCTGAA-1,18.044312,2.8311121,0,Tcm/Naive helper T cells,Tcm/Naive helper T cells,0.996185731370502
GCGGCAACCCGATA-1,17.076708,2.335445,0,Regulatory T cells,Tcm/Naive helper T cells,0.5096882625209201
GCGGCAACGGAGGT-1,10.33144,15.923018,2,B cells,B cells,0.975525629199975
GCGGCAACTGTCGA-1,-6.270706,0.5901464,3,Classical monocytes,Classical monocytes,0.9912885127894034
GCGTAAACACGGTT-1,-1.2659928,2.6674247,6,DC2,DC,0.30563469789035935
GCGTAATGCACCAA-1,-3.445371,-1.9906676,5,Non-classical monocytes,Non-classical monocytes,0.9971952818533834
GCGTATGAACACCA-1,16.511751,1.600193,0,Regulatory T cells,Tcm/Naive helper T cells,0.710365796299115
GCGTATGATGAGAA-1,-2.451451,0.82104534,3,Classical monocytes,Classical monocytes,0.3710630950750832
GCTACAGAAAGGTA-1,19.179676,2.6175592,0,Tcm/Naive helper T cells,Tcm/Naive helper T cells,0.7734629434658171
GCTACAGAATCTTC-1,10.319144,16.01614,2,B cells,B cells,0.8076615727879091
GCTACAGATCTTAC-1,16.917341,0.9217859,0,Tcm/Naive helper T cells,Tcm/Naive helper T cells,0.6636770022004737
GCTACCTGAGAAGT-1,-3.242085,1.3933748,3,Classical monocytes,Classical monocytes,0.9877948024648727
GCTACCTGATCACG-1,16.567463,3.3596306,0,Tcm/Naive helper T cells,Tcm/Naive helper T cells,0.9073593143982855
GCTACGCTAGAATG-1,18.657898,2.4854598,0,Tcm/Naive cytotoxic T cells,Tcm/Naive helper T cells,0.9923658935247649
GCTACGCTAGCTAC-1,17.743832,0.8304294,0,Tem/Effector helper T cells,Tcm/Naive helper T cells,0.5417567070990638
GCTACGCTCCCTAC-1,16.88626,2.6490467,0,Tcm/Naive helper T cells,Tcm/Naive helper T cells,0.9554888963732403
GCTAGAACAGAGGC-1,10.552051,14.633456,2,B cells,B cells,0.9985388483280955
GCTAGAACGGATCT-1,16.02292,3.0866358,0,Tcm/Naive helper T cells,Tcm/Naive helper T cells,0.5950663510477542
GCTAGAACTCCCGT-1,19.222935,-0.032856714,1,Tcm/Naive helper T cells,Tcm/Naive helper T cells,0.750743121118899
GCTAGATGAGCTCA-1,-5.5907845,1.155969,3,Classical monocytes,Classical monocytes,0.9908572155038581
GCTAGATGGCGATT-1,17.934448,-0.8406015,4,Tem/Trm cytotoxic T cells,CD16+ NK cells,0.9484960793002074
GCTATACTAAGGCG-1,17.32769,2.6873257,0,Tem/Effector helper T cells,Tcm/Naive helper T cells,0.5548409417456234
GCTATACTAGCGTT-1,16.979378,-1.7109817,4,Tem/Trm cytotoxic T cells,CD16+ NK cells,0.9810171015288609
GCTATACTCTCTTA-1,18.867544,0.8574701,0,Tcm/Naive cytotoxic T cells,Tcm/Naive helper T cells,0.8104185045464078
GCTATACTGGACGA-1,15.482106,1.1636242,0,Tcm/Naive helper T cells,Tcm/Naive helper T cells,0.579699409856936
GCTCAAGAACCATG-1,-2.8769224,-1.3601531,5,Non-classical monocytes,Non-classical monocytes,0.9479626680445334
GCTCAAGAAGTCAC-1,-2.9338887,-0.6306035,3,Classical monocytes,Classical monocytes,0.6375120147983216
GCTCAGCTGTCTAG-1,19.730684,1.8247819,1,Tcm/Naive helper T cells,Tcm/Naive helper T cells,0.9961493838074922
GCTCCATGAGAAGT-1,15.677901,-0.38080287,4,NK cells,CD16+ NK cells,0.19856476266195391
GCTCCATGCCGAAT-1,19.889494,1.3488556,1,Tcm/Naive helper T cells,Tcm/Naive helper T cells,0.9919460754990772
GCTCGACTCTAGTG-1,-5.2707534,0.93411964,3,Classical monocytes,Classical monocytes,0.9997849308715143
GCTGATGAGGTATC-1,-5.2991586,2.1040955,3,Classical monocytes,Classical monocytes,0.9941643397966881
GCTTAACTACAGTC-1,-5.432222,1.3188248,3,Classical monocytes,Classical monocytes,0.9986003911565042
GCTTAACTACTGGT-1,16.489613,-2.540781,4,Tem/Trm cytotoxic T cells,CD16+ NK cells,0.7320217434372596
GCTTAACTGCTGAT-1,19.075907,2.4744432,0,Tcm/Naive helper T cells,Tcm/Naive helper T cells,0.339589247892205
GCTTAACTTAGACC-1,-4.85658,1.2583164,3,Classical monocytes,Classical monocytes,0.9758450632883656
GCTTAACTTCAGTG-1,19.569136,1.9818441,1,Tem/Effector helper T cells,Tcm/Naive helper T cells,0.672698570457562
GGAACACTCACTTT-1,-5.5262585,0.8408228,3,Classical monocytes,Classical monocytes,0.965661827759483
GGAACACTTCAGAC-1,-0.5549164,-0.79238623,7,Megakaryocytes/platelets,Megakaryocytes/platelets,0.9122247034504131
GGAACTACTACTTC-1,17.821938,0.9932237,0,Regulatory T cells,Tcm/Naive helper T cells,0.9347457306868991
GGAACTTGAAGGTA-1,-2.938189,1.4431367,3,Classical monocytes,Classical monocytes,0.8153346007590575
GGAACTTGAGAATG-1,17.382889,0.25396174,0,Tcm/Naive cytotoxic T cells,Tcm/Naive helper T cells,0.743391499930914
GGAACTTGCTCCAC-1,-2.8448813,1.3911648,3,Classical monocytes,Classical monocytes,0.9453101398654972
GGAACTTGGGTAGG-1,10.068265,15.984829,2,B cells,B cells,0.9854095841569072
GGAAGGACATCGGT-1,-4.452901,0.28690243,3,Classical monocytes,Classical monocytes,0.8638235030120126
GGAAGGACCACTAG-1,16.097599,1.2215669,0,Type 1 helper T cells,Tcm/Naive helper T cells,0.44210772444764157
GGAAGGACGAGGGT-1,16.237545,2.097835,0,Tcm/Naive helper T cells,Tcm/Naive helper T cells,0.906569019221001
GGAAGGACGCGAAG-1,17.400063,1.0182962,0,Tem/Trm cytotoxic T cells,Tcm/Naive helper T cells,0.29831573587278487
GGAAGGTGGCGAGA-1,14.348694,-2.497401,4,CD16+ NK cells,CD16+ NK cells,0.9999639050639598
GGAATCTGAAGGGC-1,17.329884,0.43551585,0,Regulatory T cells,Tcm/Naive helper T cells,0.9960650656080839
GGAATCTGAGGAGC-1,16.922497,3.1006854,0,Regulatory T cells,Tcm/Naive helper T cells,0.4853098685096025
GGAATCTGCTTAGG-1,10.63568,15.26208,2,B cells,B cells,0.9567731647500485
GGAATCTGCTTGTT-1,-4.011689,1.638356,3,Classical monocytes,Classical monocytes,0.9962077875569945
GGAATCTGGGAGGT-1,17.80357,2.186127,0,Tcm/Naive helper T cells,Tcm/Naive helper T cells,0.9188198174092693
GGAATGCTTTCTAC-1,20.021933,1.8766325,1,Tcm/Naive helper T cells,Tcm/Naive helper T cells,0.9955368549702424
GGACAGGAAAGGGC-1,17.19953,-1.2581837,4,MAIT cells,CD16+ NK cells,0.4828447589566385
GGACAGGAGTGCTA-1,9.915677,14.991475,2,B cells,B cells,0.4311706681983456
GGACAGGATCTCGC-1,16.071218,1.2514956,0,Tcm/Naive helper T cells,Tcm/Naive helper T cells,0.8913158790019885
GGACCCGAAGCTAC-1,-2.9254456,0.21933685,3,Classical monocytes,Classical monocytes,0.9884268384015539
GGACCGTGCTTACT-1,-4.1776667,1.8458039,3,Classical monocytes,Classical monocytes,0.9916535001914172
GGACCGTGGGAACG-1,-1.3486451,2.7435498,6,DC2,DC,0.6480022604367884
GGACCGTGTAACGC-1,15.324877,1.6337266,0,Tem/Effector helper T cells,Tcm/Naive helper T cells,0.9903957427360899
GGACCTCTGTAAGA-1,-3.9014122,0.55510914,3,Classical monocytes,Classical monocytes,0.7962366087272669
GGACCTCTTTTCTG-1,16.389372,-1.9913098,4,Tem/Trm cytotoxic T cells,CD16+ NK cells,0.23424987327819513
GGACGAGAGTGTCA-1,-5.523077,1.4325485,3,Myelocytes,Classical monocytes,0.9549079380615224
GGACGCTGACGCAT-1,16.556334,-0.9280635,4,MAIT cells,CD16+ NK cells,0.7735018431753538
GGACGCTGCTAGCA-1,19.560404,1.7673702,1,Tcm/Naive helper T cells,Tcm/Naive helper T cells,0.9214411110450511
GGACGCTGTCCTCG-1,14.999943,-2.731008,4,CD16+ NK cells,CD16+ NK cells,0.9994265239583958
GGAGAGACGTGAGG-1,10.207045,14.430011,2,B cells,B cells,0.606262475375882
GGAGCAGATTCAGG-1,10.811489,15.850452,2,B cells,B cells,0.9951822644663911
GGAGCCACCTTCTA-1,10.3255825,13.8240385,2,B cells,B cells,0.9592555842603117
GGAGCGCTACGCAT-1,-2.3491015,-0.079879,3,Non-classical monocytes,Classical monocytes,0.9521766367474798
GGAGCGCTCCGAAT-1,15.443314,1.8806074,0,Tem/Effector helper T cells,Tcm/Naive helper T cells,0.8694938237449952
GGAGGATGCCACCT-1,20.070173,0.49934605,1,Tcm/Naive helper T cells,Tcm/Naive helper T cells,0.7905554961007261
GGAGGATGGTTGAC-1,-3.9892986,0.5853412,3,Classical monocytes,Classical monocytes,0.5451856787020836
GGAGGATGTCAGTG-1,-3.9866085,0.18284641,3,Non-classical monocytes,Classical monocytes,0.38666696905694375
GGAGGCCTCGTTGA-1,14.989638,-2.404814,4,CD16+ NK cells,CD16+ NK cells,0.980446523479954
GGAGGCCTTTCTTG-1,18.279251,1.8766253,0,Tcm/Naive helper T cells,Tcm/Naive helper T cells,0.9550688980734694
GGAGGTGATACGCA-1,17.698935,0.44922107,0,Tem/Effector helper T cells,Tcm/Naive helper T cells,0.8836495113072848
GGAGGTGATCGCTC-1,19.174795,0.71732503,1,Tcm/Naive helper T cells,Tcm/Naive helper T cells,0.7769688782572864
GGATACTGCAGCTA-1,17.610292,2.3894546,0,Tcm/Naive helper T cells,Tcm/Naive helper T cells,0.9088119564636565
GGATACTGTCTAGG-1,17.29722,2.045624,0,Tem/Effector helper T cells,Tcm/Naive helper T cells,0.5608107915112852
GGATAGCTCGTCTC-1,16.024715,2.5284414,0,Tcm/Naive helper T cells,Tcm/Naive helper T cells,0.9661265683335749
GGATAGCTCTGAAC-1,16.57674,-1.9606402,4,Regulatory T cells,CD16+ NK cells,0.09063203190342517
GGATGTACCAAAGA-1,9.212153,15.477279,2,B cells,B cells,0.9822505982566639
GGATGTACGCGAAG-1,18.536058,0.7876425,1,Tcm/Naive helper T cells,Tcm/Naive helper T cells,0.8040188978411855
GGATGTACGTCTTT-1,-6.201908,0.40284324,3,Myelocytes,Classical monocytes,0.7001557362712446
GGATGTACGTGTCA-1,17.192017,-1.7278687,4,Tem/Trm cytotoxic T cells,CD16+ NK cells,0.9985647296189567
GGATTTCTAGGTTC-1,17.480938,0.38258588,0,Regulatory T cells,Tcm/Naive helper T cells,0.8052818221095025
GGATTTCTTTGTCT-1,-2.2912765,-0.022600893,3,Non-classical monocytes,Classical monocytes,0.7466722245168995
GGCAAGGAAAAAGC-1,13.831567,-2.2826624,4,CD16+ NK cells,CD16+ NK cells,0.9982039057143293
GGCAAGGAAGAAGT-1,16.956818,1.9803967,0,Tcm/Naive helper T cells,Tcm/Naive helper T cells,0.984575804107366
GGCAAGGACTTGGA-1,-3.090269,0.6239003,3,Classical monocytes,Classical monocytes,0.3202803443714995
GGCAAGGAGGACTT-1,17.694149,1.100054,0,Tcm/Naive helper T cells,Tcm/Naive helper T cells,0.974219674581814
GGCAATACGCTAAC-1,10.662002,15.315221,2,B cells,B cells,0.9967513018371554
GGCAATACGGCATT-1,17.12777,-2.1694627,4,B cells,CD16+ NK cells,0.7495281524460194
GGCAATACGTTTCT-1,9.446032,14.240266,2,B cells,B cells,0.9487201593093259
GGCACGTGGCTTAG-1,-3.2337036,-1.9325818,5,Non-classical monocytes,Non-classical monocytes,0.9702879922223399
GGCACGTGTGAGAA-1,13.568724,2.9054189,8,B cells,Tem/Trm cytotoxic T cells,0.6611023217986283
GGCACTCTTTTGTC-1,17.401234,1.7520491,0,Tcm/Naive helper T cells,Tcm/Naive helper T cells,0.9091804179313341
GGCATATGCTTATC-1,14.477857,-1.5128376,4,CD16+ NK cells,CD16+ NK cells,0.8169664418670394
GGCATATGGGGAGT-1,-0.5042939,-0.9158333,7,Megakaryocytes/platelets,Megakaryocytes/platelets,0.3526160879643028
GGCATATGTGTGAC-1,14.851629,2.42751,8,Tcm/Naive helper T cells,Tem/Trm cytotoxic T cells,0.8031445750646656
GGCCACGACAGAGG-1,19.83501,0.6760001,1,Regulatory T cells,Tcm/Naive helper T cells,0.9750344916509414
GGCCAGACTGGTTG-1,16.174429,1.5557072,0,Tcm/Naive cytotoxic T cells,Tcm/Naive helper T cells,0.7231775178171755
GGCCCAGAAAGTAG-1,-4.1620646,0.9524645,3,Classical monocytes,Classical monocytes,0.9994909045767408
GGCCGAACAACGAA-1,19.52054,1.483367,1,Tcm/Naive helper T cells,Tcm/Naive helper T cells,0.7522926230131639
GGCCGAACGCAGAG-1,19.167131,0.86544746,1,Tcm/Naive helper T cells,Tcm/Naive helper T cells,0.9893120207960121
GGCCGAACGTAGGG-1,19.510633,2.0940962,1,Tcm/Naive helper T cells,Tcm/Naive helper T cells,0.995731976241842
GGCCGAACTCTAGG-1,15.033466,-3.0390625,4,CD16+ NK cells,CD16+ NK cells,0.9989264009962288
GGCCGATGCAGGAG-1,16.887236,1.7005291,0,Tem/Effector helper T cells,Tcm/Naive helper T cells,0.776440596403677
GGCCGATGCCGAAT-1,16.847605,1.8079709,0,Regulatory T cells,Tcm/Naive helper T cells,0.6440812355668919
GGCCGATGTACTCT-1,17.166153,-0.97904503,4,MAIT cells,CD16+ NK cells,0.6431892501789281
GGCGACACTGCCCT-1,15.060624,-0.89951366,4,NK cells,CD16+ NK cells,0.43614475347042075
GGCGACTGCGTAAC-1,16.675457,0.86131775,0,Tcm/Naive helper T cells,Tcm/Naive helper T cells,0.7525201545997993
GGCGCATGCCTAAG-1,-3.8813436,-1.6893171,5,Non-classical monocytes,Non-classical monocytes,0.9979126122263181
GGCGCATGCTCCAC-1,18.282352,3.0227516,0,Tcm/Naive helper T cells,Tcm/Naive helper T cells,0.9971221948588374
GGCGCATGTGGAAA-1,17.99834,0.9871378,0,Tcm/Naive cytotoxic T cells,Tcm/Naive helper T cells,0.3236593303063976
GGCGGACTAGAGGC-1,16.386086,1.8350874,0,Regulatory T cells,Tcm/Naive helper T cells,0.9077319926141569
GGCGGACTAGGAGC-1,16.115559,-0.003939416,4,MAIT cells,CD16+ NK cells,0.980139756133572
GGCGGACTCTGACA-1,19.706602,1.8469653,1,Tcm/Naive helper T cells,Tcm/Naive helper T cells,0.9893659159898059
GGCGGACTCTTGGA-1,15.975978,-0.9009157,4,Tem/Trm cytotoxic T cells,CD16+ NK cells,0.8222746156483213
GGCGGACTTACTGG-1,18.494953,0.6842408,0,Tcm/Naive cytotoxic T cells,Tcm/Naive helper T cells,0.9843140019879506
GGCGGACTTGAACC-1,17.67404,1.7605671,0,Regulatory T cells,Tcm/Naive helper T cells,0.8163779552541247
GGCTAAACACCTGA-1,14.141043,-1.0974762,4,NK cells,CD16+ NK cells,0.5050711017991398
GGCTAAACTCTTAC-1,18.376873,1.0183847,1,Tcm/Naive helper T cells,Tcm/Naive helper T cells,0.9527703367404264
GGCTAATGAGCACT-1,16.740019,-2.0254128,4,Tem/Trm cytotoxic T cells,CD16+ NK cells,0.9824746078652701
GGCTAATGGTCTAG-1,19.342886,2.5588963,0,Tcm/Naive helper T cells,Tcm/Naive helper T cells,0.9862700022240779
GGCTCACTACTCAG-1,-3.0349786,1.2933267,3,Classical monocytes,Classical monocytes,0.9841064526576079
GGGAACGAAGCTCA-1,-2.3044436,-2.0713127,5,Non-classical monocytes,Non-classical monocytes,0.9999956346047927
GGGAACGACACAAC-1,9.707057,16.138466,2,Naive B cells,B cells,0.7900105757947821
GGGAACGAGTGTCA-1,-4.227374,0.13402449,3,Non-classical monocytes,Classical monocytes,0.42737767989012626
GGGAAGTGTTGAGC-1,-5.5639405,0.90490943,3,Classical monocytes,Classical monocytes,0.7695974686517006
GGGACCACACGTTG-1,16.252167,-2.0167913,4,Tem/Temra cytotoxic T cells,CD16+ NK cells,0.9774318641223434
GGGACCACAGAACA-1,17.723818,1.6392155,0,Tcm/Naive helper T cells,Tcm/Naive helper T cells,0.9520228700730591
GGGACCACGAATAG-1,16.631346,2.0464084,0,Tcm/Naive helper T cells,Tcm/Naive helper T cells,0.9782319175793647
GGGACCACGTCATG-1,19.926733,2.1608918,1,Tcm/Naive cytotoxic T cells,Tcm/Naive helper T cells,0.9946934535195887
GGGACCACTCAAGC-1,19.515327,2.0241327,1,CD16- NK cells,Tcm/Naive helper T cells,0.07421792330343989
GGGACCACTCGTGA-1,19.59215,1.9433646,0,Tcm/Naive helper T cells,Tcm/Naive helper T cells,0.9731066840819922
GGGACCACTGCATG-1,19.560154,0.58759683,1,Tcm/Naive helper T cells,Tcm/Naive helper T cells,0.5392882476357773
GGGACCTGACCCTC-1,-3.8093433,1.3539263,3,Classical monocytes,Classical monocytes,0.9742766688102849
GGGACCTGCTTGCC-1,17.947886,1.2899677,0,Tcm/Naive helper T cells,Tcm/Naive helper T cells,0.9346299710963493
GGGACCTGTGGAGG-1,9.890082,14.364874,2,B cells,B cells,0.8596494804602188
GGGATGGACGACAT-1,10.212561,15.09838,2,B cells,B cells,0.9991664524134587
GGGATGGATACTTC-1,16.41045,3.526164,0,Tem/Effector helper T cells,Tcm/Naive helper T cells,0.9737423883550254
GGGATGGATGGTTG-1,-3.8280733,1.4264548,3,Classical monocytes,Classical monocytes,0.9823850302011312
GGGATTACGTCTAG-1,17.317177,2.01219,0,Tcm/Naive cytotoxic T cells,Tcm/Naive helper T cells,0.9198141711294024
GGGCAAGATGCATG-1,-4.5786304,1.6456327,3,Classical monocytes,Classical monocytes,0.9490512150043655
GGGCACACGGTGAG-1,-4.1973867,-1.7899952,5,Non-classical monocytes,Non-classical monocytes,0.9841937502815253
GGGCACACGTTGCA-1,15.897288,3.3935673,0,Tem/Effector helper T cells,Tcm/Naive helper T cells,0.19128161508187158
GGGCAGCTTGGGAG-1,16.84979,-0.6951215,4,MAIT cells,CD16+ NK cells,0.11898286878266845
GGGCAGCTTTTCTG-1,18.348244,2.3535562,0,Tcm/Naive helper T cells,Tcm/Naive helper T cells,0.5263878356892058
GGGCCAACCTTGGA-1,-1.094782,2.7739873,6,DC1,DC,0.9056599065294225
GGGCCAACGCGTTA-1,10.280967,14.522814,2,B cells,B cells,0.3953929050019409
GGGCCAACTACGCA-1,-5.530114,1.8758085,3,Classical monocytes,Classical monocytes,0.9766904788515358
GGGCCAACTCCAAG-1,9.109006,14.593975,2,B cells,B cells,0.8116610673981781
GGGCCATGATGGTC-1,16.334072,-0.093147516,4,Regulatory T cells,CD16+ NK cells,0.594427903156428
GGGCCATGTTGACG-1,16.027206,1.0012492,0,Tcm/Naive helper T cells,Tcm/Naive helper T cells,0.9076796847537124
GGGTAACTCAGCTA-1,17.557333,3.533853,0,Tcm/Naive cytotoxic T cells,Tcm/Naive helper T cells,0.7962467212656589
GGGTAACTCTAGTG-1,10.357634,15.2599945,2,B cells,B cells,0.991718111755674
GGGTAACTCTGGAT-1,17.88751,1.0025759,0,Tcm/Naive helper T cells,Tcm/Naive helper T cells,0.3229477488794651
GGGTTAACGTGCAT-1,14.750627,-2.625636,4,CD16+ NK cells,CD16+ NK cells,0.9999437738151358
GGTAAAGAGCTAAC-1,15.553282,-2.9761631,4,NKT cells,CD16+ NK cells,0.21198823257408733
GGTACAACTGCAAC-1,17.451462,0.5560277,0,Tcm/Naive helper T cells,Tcm/Naive helper T cells,0.4599578347484689
GGTACATGAAAGCA-1,9.646956,13.85488,2,B cells,B cells,0.9922033314063724
GGTACATGAGCTCA-1,16.860716,0.09825989,0,Tem/Trm cytotoxic T cells,Tcm/Naive helper T cells,0.5648184936589202
GGTACATGCGGTAT-1,19.234615,0.54583734,1,Tcm/Naive helper T cells,Tcm/Naive helper T cells,0.9907876372259031
GGTACATGGTTACG-1,18.13972,0.46747357,0,Tcm/Naive helper T cells,Tcm/Naive helper T cells,0.29626968878834276
GGTACATGTGGGAG-1,15.889166,2.467588,0,Tcm/Naive helper T cells,Tcm/Naive helper T cells,0.5747380585682172
GGTACTGAACTCTT-1,-4.4850903,1.2701254,3,Classical monocytes,Classical monocytes,0.9284297885018739
GGTAGTACACCACA-1,17.338673,-0.7172768,4,MAIT cells,CD16+ NK cells,0.9271944629330524
GGTAGTACACTAGC-1,-4.298642,0.49505913,3,Classical monocytes,Classical monocytes,0.8829066891679507
GGTAGTACCCTGTC-1,19.39697,2.5187945,0,Tcm/Naive cytotoxic T cells,Tcm/Naive helper T cells,0.9872374412460819
GGTAGTACGCCATA-1,-5.1260924,0.85275644,3,Classical monocytes,Classical monocytes,0.9908235241684156
GGTAGTACTGTCTT-1,15.962343,0.073763356,0,NK cells,Tcm/Naive helper T cells,0.37149956373211357
GGTATCGAGACAAA-1,-6.0961366,0.35517368,3,Classical monocytes,Classical monocytes,0.9790844100002543
GGTATCGATGAACC-1,9.179154,15.949295,2,B cells,B cells,0.9986612551970784
GGTCAAACCAAAGA-1,16.902258,3.4221041,0,Tcm/Naive helper T cells,Tcm/Naive helper T cells,0.4016265566717401
GGTCTAGAGAAACA-1,-5.3914404,1.7629483,3,Classical monocytes,Classical monocytes,0.9992444306381286
GGTCTAGATAGCGT-1,-2.264648,0.49419984,3,Classical monocytes,Classical monocytes,0.48853680574901653
GGTGATACCGACTA-1,10.100668,14.490305,2,B cells,B cells,0.9808049029235811
GGTGATACGACTAC-1,-4.427584,1.5480697,3,Classical monocytes,Classical monocytes,0.99675205029074
GGTGATACTGTTTC-1,19.66135,2.607465,1,Tcm/Naive helper T cells,Tcm/Naive helper T cells,0.9440051875777199
GGTGGAGAAACGGG-1,14.093899,-1.0529587,4,CD16+ NK cells,CD16+ NK cells,0.9988646726021602
GGTGGAGAAGTAGA-1,16.309002,1.2405348,0,Regulatory T cells,Tcm/Naive helper T cells,0.582105278366748
GGTGGAGACAGATC-1,14.587453,-1.1895065,4,CD16+ NK cells,CD16+ NK cells,0.5234176306903621
GGTGGAGATCGATG-1,15.881866,2.6513126,0,Tem/Effector helper T cells,Tcm/Naive helper T cells,0.7383365403235718
GGTGGAGATCTCTA-1,-5.9037843,1.065233,3,Classical monocytes,Classical monocytes,0.8462384812081893
GGTGGAGATTACTC-1,16.203962,-2.4419942,4,NK cells,CD16+ NK cells,0.9066459942384258
GGTTTACTACGCAT-1,15.934514,-0.919414,4,MAIT cells,CD16+ NK cells,0.9648032212901245
GTAACGTGACCTCC-1,-2.9868114,0.13836622,3,Classical monocytes,Classical monocytes,0.9487757071581353
GTAACGTGATCGGT-1,9.597421,15.325899,2,B cells,B cells,0.9679101551089843
GTAACGTGCAGCTA-1,9.154816,15.064474,2,B cells,B cells,0.9427115952554759
GTAACGTGGTTGAC-1,10.887241,14.466867,2,B cells,B cells,0.9976475938836462
GTAAGCACAACGGG-1,18.131214,1.8143858,0,Tem/Effector helper T cells,Tcm/Naive helper T cells,0.29536118305544967
GTAAGCACTCATTC-1,9.593816,14.760667,2,B cells,B cells,0.9783102416432485
GTAAGCTGGTACCA-1,-4.2004805,1.0961695,3,Classical monocytes,Classical monocytes,0.9457084807680036
GTAATAACCTTCTA-1,-4.558092,1.5697733,3,Classical monocytes,Classical monocytes,0.9812476195617896
GTAATAACGTTGTG-1,19.14407,-0.1760931,1,Tcm/Naive cytotoxic T cells,Tcm/Naive helper T cells,0.9592849120421643
GTACCCTGACAGTC-1,-3.3151846,-1.9979199,5,Non-classical monocytes,Non-classical monocytes,0.9994206539569055
GTACCCTGGAGCTT-1,18.078066,3.297666,0,Tcm/Naive helper T cells,Tcm/Naive helper T cells,0.9693371877337851
GTACCCTGTCCTTA-1,15.661685,-2.6036894,4,NK cells,CD16+ NK cells,0.051526820049236095
GTACCCTGTGAACC-1,18.5382,1.5886052,0,Macrophages,Tcm/Naive helper T cells,0.18791318550813021
GTACGTGAACGTTG-1,17.060284,-2.099204,4,Tem/Trm cytotoxic T cells,CD16+ NK cells,0.7329097559885682
GTACTTTGTCGACA-1,15.926607,-0.32922918,4,MAIT cells,CD16+ NK cells,0.7435894270576618
GTAGACTGAGATGA-1,-3.8423436,0.73138535,3,Classical monocytes,Classical monocytes,0.8757959133236944
GTAGACTGTATTCC-1,18.40625,1.5884408,0,Tcm/Naive helper T cells,Tcm/Naive helper T cells,0.902627548410172
GTAGCAACAGTCGT-1,-4.6930737,1.4922819,3,Classical monocytes,Classical monocytes,0.9908969796777971
GTAGCAACCATTTC-1,9.598519,14.202385,2,B cells,B cells,0.7859384376625796
GTAGCAACGGTAGG-1,-6.01939,0.27798137,3,Classical monocytes,Classical monocytes,0.9983251958045601
GTAGCATGCACTCC-1,10.644563,15.930213,2,Naive B cells,B cells,0.3886116240351426
GTAGCATGTAAGCC-1,-5.4856114,1.5781031,3,Classical monocytes,Classical monocytes,0.9948340640452507
GTAGCCCTGACGTT-1,18.695457,0.5334957,1,Tcm/Naive cytotoxic T cells,Tcm/Naive helper T cells,0.9334430638813483
GTAGCTGAAGCTAC-1,-2.7109344,-2.2982812,5,Non-classical monocytes,Non-classical monocytes,0.9999616829601604
GTAGCTGAATTCGG-1,16.362862,1.8657979,0,Tcm/Naive helper T cells,Tcm/Naive helper T cells,0.7737615584725515
GTAGGTACACGGGA-1,-3.8146105,0.37023222,3,Classical monocytes,Classical monocytes,0.9929270467513858
GTAGTGACCTCATT-1,19.154377,1.7023016,0,Tcm/Naive helper T cells,Tcm/Naive helper T cells,0.8691076780081757
GTAGTGTGAGCGGA-1,14.269799,-2.1323538,4,CD16+ NK cells,CD16+ NK cells,0.9956783982859052
GTAGTGTGAGGCGA-1,-5.4620337,1.082832,3,Classical monocytes,Classical monocytes,0.9680212598866619
GTAGTGTGTGGTTG-1,18.477434,0.36354673,0,Tcm/Naive cytotoxic T cells,Tcm/Naive helper T cells,0.8080633897408415
GTATCACTGGTAGG-1,-3.6978374,0.59068114,3,Classical monocytes,Classical monocytes,0.9838976952739531
GTATCTACAGAAGT-1,15.74806,-2.6040769,4,Tem/Temra cytotoxic T cells,CD16+ NK cells,0.576121579344413
GTATCTACGACGAG-1,16.503656,-1.5685676,4,Tem/Trm cytotoxic T cells,CD16+ NK cells,0.9937468304177006
GTATCTACGTTACG-1,16.64194,1.0053871,0,Tem/Effector helper T cells,Tcm/Naive helper T cells,0.2259211854502669
GTATTAGAAACAGA-1,15.372286,3.0245578,0,Regulatory T cells,Tcm/Naive helper T cells,0.9997683035927406
GTATTAGAGGTCTA-1,19.234425,0.25596207,1,Tcm/Naive helper T cells,Tcm/Naive helper T cells,0.2630120072890323
GTATTCACACAGCT-1,19.492493,0.6583233,1,Tcm/Naive cytotoxic T cells,Tcm/Naive helper T cells,0.9995873221630809
GTATTCACGGGTGA-1,16.655846,-1.868835,4,Tem/Trm cytotoxic T cells,CD16+ NK cells,0.877815600593911
GTCAACGACACTGA-1,16.9123,2.3273213,0,Tcm/Naive helper T cells,Tcm/Naive helper T cells,0.3716608411175401
GTCAACGAGTGTAC-1,-4.1400876,0.22138108,3,Classical monocytes,Classical monocytes,0.9115990267458584
GTCAACGATCAGGT-1,18.26149,-1.0769873,4,NK cells,CD16+ NK cells,0.07197940071642102
GTCAATCTACACCA-1,17.092295,-0.9971101,4,Tem/Trm cytotoxic T cells,CD16+ NK cells,0.7160277691850003
GTCAATCTGTAGCT-1,15.497467,0.41055077,4,MAIT cells,CD16+ NK cells,0.3729659592626532
GTCAATCTTGTGGT-1,18.249226,0.80749494,0,Tcm/Naive helper T cells,Tcm/Naive helper T cells,0.9791742456909781
GTCACCTGCCTCCA-1,16.81069,2.6026912,0,Tcm/Naive helper T cells,Tcm/Naive helper T cells,0.9844849882735204
GTCACCTGTCCCGT-1,17.298458,3.596468,0,Tcm/Naive cytotoxic T cells,Tcm/Naive helper T cells,0.9995254579637464
GTCATACTAATCGC-1,11.2037735,14.649757,2,B cells,B cells,0.9289404631314477
GTCATACTGCGATT-1,16.126299,-2.8710592,4,NK cells,CD16+ NK cells,0.385385101622049
GTCATACTTCGCCT-1,-0.29541695,-0.98601896,7,Megakaryocytes/platelets,Megakaryocytes/platelets,0.9930651386347427
GTCATACTTTACCT-1,17.402548,-1.6696252,4,Tem/Trm cytotoxic T cells,CD16+ NK cells,0.9983227588189233
GTCATACTTTGACG-1,17.876064,2.5583005,0,Tcm/Naive helper T cells,Tcm/Naive helper T cells,0.9758191662251667
GTCCAAGAAAAACG-1,19.748335,2.0640044,1,Tcm/Naive helper T cells,Tcm/Naive helper T cells,0.9793951288689904
GTCCACTGACCTCC-1,17.568111,0.37517792,0,Tcm/Naive cytotoxic T cells,Tcm/Naive helper T cells,0.9985942818367967
GTCCACTGGGTACT-1,-3.1263576,-2.2254386,5,Non-classical monocytes,Non-classical monocytes,0.9885936353667271
GTCCAGCTACGGGA-1,18.348806,2.0984712,0,Tcm/Naive helper T cells,Tcm/Naive helper T cells,0.9992050184047757
GTCCCATGTGGTGT-1,-2.580953,-0.32983646,3,Non-classical monocytes,Classical monocytes,0.8684097316011185
GTCGAATGAAGGCG-1,-2.380974,0.4114595,3,Non-classical monocytes,Classical monocytes,0.05490299648232497
GTCGACCTGAATGA-1,14.37885,-2.6564515,4,CD16+ NK cells,CD16+ NK cells,0.9465309928329325
GTCGACCTGTTCAG-1,18.249197,-0.28625482,1,Tcm/Naive helper T cells,Tcm/Naive helper T cells,0.6291830025243147
GTCGCACTTGAGAA-1,9.625528,13.850901,2,B cells,B cells,0.9975071528562138
GTCTAACTGGTCTA-1,-3.6940558,-0.77472925,5,Non-classical monocytes,Non-classical monocytes,0.9983183453173619
GTCTAGGAGCTTCC-1,-2.653871,0.9808937,3,Classical monocytes,Classical monocytes,0.9905387999201803
GTGAACACACTCTT-1,18.312334,3.2804296,0,Tcm/Naive helper T cells,Tcm/Naive helper T cells,0.8299406245577344
GTGAACACAGATCC-1,17.542519,-1.5353379,4,Tem/Trm cytotoxic T cells,CD16+ NK cells,0.8455486927902818
GTGAACACTCAGGT-1,17.965014,0.9552152,0,Tcm/Naive helper T cells,Tcm/Naive helper T cells,0.6606326542954484
GTGACCCTTAAGCC-1,16.307177,0.030264784,0,Tem/Trm cytotoxic T cells,Tcm/Naive helper T cells,0.8622985933413913
GTGATGACAAGTGA-1,15.087483,2.7275999,8,Tcm/Naive helper T cells,Tem/Trm cytotoxic T cells,0.5617659136599986
GTGATGACCTGAGT-1,10.495043,15.768225,2,B cells,B cells,0.9852306994594858
GTGATGACGGTTTG-1,16.378963,-0.9133394,4,MAIT cells,CD16+ NK cells,0.45598509436646345
GTGATTCTCATTTC-1,15.948792,1.7342381,0,Tem/Effector helper T cells,Tcm/Naive helper T cells,0.8584528098548269
GTGATTCTCTCTCG-1,-5.148559,1.9702171,3,Classical monocytes,Classical monocytes,0.9660725397849197
GTGATTCTGGTTCA-1,15.28967,-2.582227,4,CD16+ NK cells,CD16+ NK cells,0.994873148814926
GTGATTCTGTCGAT-1,19.51697,1.7713597,1,Tcm/Naive helper T cells,Tcm/Naive helper T cells,0.9880574964145289
GTGATTCTTAGCGT-1,10.092245,15.141262,2,B cells,B cells,0.8009512340146744
GTGCCACTCAGGAG-1,19.072462,0.9761915,0,Tcm/Naive cytotoxic T cells,Tcm/Naive helper T cells,0.9682341241816348
GTGGATTGCACTAG-1,-2.624409,-1.8544954,5,Non-classical monocytes,Non-classical monocytes,0.9998314215218138
GTGGATTGCGGAGA-1,16.863178,1.2784247,0,Tcm/Naive helper T cells,Tcm/Naive helper T cells,0.9333796964471129
GTGGATTGTAACGC-1,18.870857,2.1756015,0,Tcm/Naive helper T cells,Tcm/Naive helper T cells,0.992654609800502
GTGTACGATCAGTG-1,19.419004,2.6157358,1,Tcm/Naive helper T cells,Tcm/Naive helper T cells,0.9982865157809766
GTGTAGTGGGTACT-1,16.879457,1.8319578,0,Tem/Effector helper T cells,Tcm/Naive helper T cells,0.6574057789042226
GTGTATCTAGCCTA-1,10.372609,15.566212,2,B cells,B cells,0.9887288578891351
GTGTATCTAGTAGA-1,15.366992,-0.89991575,4,CD16+ NK cells,CD16+ NK cells,0.9929416013252456
GTGTATCTGTTACG-1,9.531203,14.187958,2,B cells,B cells,0.9986779356759357
GTGTCAGAAGCGTT-1,15.083285,-1.0988779,4,NK cells,CD16+ NK cells,0.1365706092242294
GTGTCAGAATGCTG-1,19.83295,0.18074906,1,Tcm/Naive helper T cells,Tcm/Naive helper T cells,0.9380099958219983
GTTAAAACCGAGAG-1,14.927566,-2.4672296,4,CD16+ NK cells,CD16+ NK cells,0.9993677788410074
GTTAAAACTTCGCC-1,18.29497,-0.39934075,1,Tem/Effector helper T cells,Tcm/Naive helper T cells,0.33543862075698255
GTTAAATGCTCGAA-1,18.35217,-0.45012778,1,Tcm/Naive helper T cells,Tcm/Naive helper T cells,0.5977260030299799
GTTAAATGTCGACA-1,10.040551,13.682338,2,B cells,B cells,0.9995662846049642
GTTAACCTAGCTAC-1,16.927132,0.5831251,0,Tem/Effector helper T cells,Tcm/Naive helper T cells,0.4571213454122248
GTTAACCTTGCTTT-1,-1.4552482,2.6424758,6,DC2,DC,0.7955606729647343
GTTAGGTGCACTCC-1,18.784664,0.1270619,1,Tcm/Naive helper T cells,Tcm/Naive helper T cells,0.38525962000411135
GTTAGGTGCCAGTA-1,-2.9948142,1.3995823,3,Classical monocytes,Classical monocytes,0.9982459192661874
GTTAGGTGCCCAAA-1,-3.1109881,-1.5844984,5,Non-classical monocytes,Non-classical monocytes,0.999820985185131
GTTAGGTGGAACTC-1,9.05195,14.8208685,2,B cells,B cells,0.9072537194113524
GTTAGTCTAAGAAC-1,16.568474,-0.6608242,4,Tcm/Naive cytotoxic T cells,CD16+ NK cells,0.40113932918492223
GTTATAGAGGACAG-1,18.289688,-0.40979838,1,Tcm/Naive cytotoxic T cells,Tcm/Naive helper T cells,0.574783500406304
GTTATGCTTTCATC-1,18.358158,3.358424,0,Tcm/Naive helper T cells,Tcm/Naive helper T cells,0.9948326981643257
GTTCAACTGGGACA-1,15.22928,-2.6911886,4,CD16+ NK cells,CD16+ NK cells,0.9949947744035111
GTTCAACTTATGCG-1,20.01043,1.2868363,1,Tcm/Naive cytotoxic T cells,Tcm/Naive helper T cells,0.9987863294998115
GTTGACGAGCCCTT-1,15.374174,-2.0704403,4,NK cells,CD16+ NK cells,0.04464980297900781
GTTGACGATATCGG-1,13.863398,-2.9593163,4,CD16+ NK cells,CD16+ NK cells,0.9999954524603488
GTTGAGTGGTCTTT-1,-2.4249372,1.3677874,3,Classical monocytes,Classical monocytes,0.28814405226834905
GTTGAGTGTGCTTT-1,16.42399,2.1631649,0,Tcm/Naive helper T cells,Tcm/Naive helper T cells,0.7010248778211201
GTTGATCTGGGACA-1,19.731014,-0.3526271,1,Tcm/Naive helper T cells,Tcm/Naive helper T cells,0.3908995050398229
GTTGATCTTTTCAC-1,16.0424,-1.3211852,4,Tem/Trm cytotoxic T cells,CD16+ NK cells,0.9988244440955686
GTTGGATGTTTACC-1,-3.0256922,-2.1299436,5,Non-classical monocytes,Non-classical monocytes,0.9999552307112186
GTTGTACTATTCCT-1,-3.0279238,1.5366504,3,Classical monocytes,Classical monocytes,0.9986022585742149
GTTGTACTTTTGGG-1,19.00032,1.3396018,0,Tcm/Naive helper T cells,Tcm/Naive helper T cells,0.33021982972635966
GTTTAAGACCATGA-1,-3.0961306,0.18979524,3,Classical monocytes,Classical monocytes,0.9771619585503196
GTTTAAGACTGTCC-1,15.977186,-0.2970623,4,Tem/Temra cytotoxic T cells,CD16+ NK cells,0.9227854780667819
TAAACAACCAACCA-1,16.21902,2.646549,0,Tem/Effector helper T cells,Tcm/Naive helper T cells,0.4938245161092941
TAAACAACGAATCC-1,10.028862,14.381744,2,B cells,B cells,0.9906368033434342
TAAAGACTCAGGAG-1,18.15792,-0.033277765,0,Regulatory T cells,Tcm/Naive helper T cells,0.5552534377401598
TAAATCGATGAGGG-1,16.913004,2.9083502,0,Tcm/Naive helper T cells,Tcm/Naive helper T cells,0.7697977229673952
TAACAATGTGCCCT-1,9.170335,14.938663,2,B cells,B cells,0.9942196543191938
TAACACCTTCGCTC-1,-3.5859392,0.4701771,3,Classical monocytes,Classical monocytes,0.9488132687587588
TAACACCTTCGTAG-1,-2.901011,1.0165833,3,Classical monocytes,Classical monocytes,0.9749423010700848
TAACACCTTGTTTC-1,-0.45319012,-0.7491549,7,Megakaryocytes/platelets,Megakaryocytes/platelets,0.6473802282509503
TAACATGACACTAG-1,10.511706,14.231542,2,B cells,B cells,0.9916737189436127
TAACCGGACTTACT-1,19.599617,0.92394346,1,Tcm/Naive helper T cells,Tcm/Naive helper T cells,0.9993902948465687
TAACGTCTCAACCA-1,-4.8724694,1.1820148,3,Classical monocytes,Classical monocytes,0.9695961090183935
TAACGTCTCATTGG-1,18.520798,2.6842191,0,Tcm/Naive helper T cells,Tcm/Naive helper T cells,0.5163155664878418
TAACTAGAATTTCC-1,17.16363,3.3740973,0,Tcm/Naive helper T cells,Tcm/Naive helper T cells,0.9388365381786049
TAACTAGACTTAGG-1,16.926811,3.5510025,0,Tcm/Naive helper T cells,Tcm/Naive helper T cells,0.5220586092078887
TAACTAGATCTGGA-1,19.331305,2.2321246,1,Tcm/Naive helper T cells,Tcm/Naive helper T cells,0.9893400247700281
TAACTCACGAGGAC-1,-4.888373,1.9239595,3,Classical monocytes,Classical monocytes,0.974981508099615
TAACTCACGTACAC-1,10.257522,15.778747,2,B cells,B cells,0.984444746246718
TAACTCACGTATCG-1,-4.1146054,1.3578675,3,Classical monocytes,Classical monocytes,0.8903549645823102
TAACTCACTCTACT-1,13.927207,-2.734465,4,CD16+ NK cells,CD16+ NK cells,0.991366762842357
TAAGAACTGTGTCA-1,-6.1127768,1.119183,3,Classical monocytes,Classical monocytes,0.9990797208437575
TAAGAGGACTAAGC-1,10.78958,15.107137,2,B cells,B cells,0.800891714873579
TAAGAGGACTTGTT-1,15.206808,-2.2379732,4,CD16+ NK cells,CD16+ NK cells,0.9956751096611175
TAAGATACCCACAA-1,18.815338,-0.3557582,1,Trm cytotoxic T cells,Tcm/Naive helper T cells,0.9150903466439843
TAAGATACGGTTCA-1,-3.934774,0.68261105,3,Classical monocytes,Classical monocytes,0.8833175628213824
TAAGATTGCGTAGT-1,17.206026,1.2694293,0,Tcm/Naive cytotoxic T cells,Tcm/Naive helper T cells,0.6373300789446704
TAAGATTGTTGCTT-1,16.411842,2.1816397,0,Tcm/Naive helper T cells,Tcm/Naive helper T cells,0.2523170591235756
TAAGCGTGAGGTTC-1,-3.360603,1.4098779,3,Classical monocytes,Classical monocytes,0.986064760303839
TAAGCGTGGACAAA-1,-2.6085339,-0.37879112,3,Classical monocytes,Classical monocytes,0.9753062994758068
TAAGCGTGGGAAAT-1,19.358395,1.8014915,0,Tcm/Naive helper T cells,Tcm/Naive helper T cells,0.9867019107759115
TAAGCGTGTGCTCC-1,-2.8103185,-1.2204947,5,Non-classical monocytes,Non-classical monocytes,0.9949846457003276
TAAGGCTGCCATGA-1,16.38636,1.0211574,0,Trm cytotoxic T cells,Tcm/Naive helper T cells,0.3022289511328378
TAAGGCTGCTGCTC-1,19.552433,1.3161595,1,Tcm/Naive helper T cells,Tcm/Naive helper T cells,0.9750570830814433
TAAGGCTGTCTCGC-1,-2.9185908,1.6324005,3,Classical monocytes,Classical monocytes,0.9244962387507724
TAAGGGCTGCTGTA-1,16.442572,1.3749799,0,Regulatory T cells,Tcm/Naive helper T cells,0.48760596005088525
TAAGGGCTTTACTC-1,17.989075,-0.06832646,0,Tem/Effector helper T cells,Tcm/Naive helper T cells,0.1695105223244809
TAAGTAACCGAGAG-1,9.293954,16.04806,2,B cells,B cells,0.9903849761202775
TAAGTAACCTCCAC-1,9.388569,15.302549,2,B cells,B cells,0.9941274938830509
TAAGTAACCTGTAG-1,16.285513,1.744076,0,Tem/Effector helper T cells,Tcm/Naive helper T cells,0.6413401547573234
TAAGTAACTTGTCT-1,18.52147,1.7329106,0,Tcm/Naive cytotoxic T cells,Tcm/Naive helper T cells,0.7411497569124958
TAATGATGAGCGGA-1,17.653908,0.40195376,0,Tcm/Naive helper T cells,Tcm/Naive helper T cells,0.9959014183899983
TAATGCCTCATGAC-1,16.353542,2.1478534,0,Tcm/Naive helper T cells,Tcm/Naive helper T cells,0.9638527906368364
TAATGCCTCGTCTC-1,13.836912,-2.6082082,4,CD16+ NK cells,CD16+ NK cells,0.9916364960032268
TAATGTGAAGATGA-1,19.011131,0.61443645,1,Tcm/Naive helper T cells,Tcm/Naive helper T cells,0.7905718080571623
TAATGTGACTGCAA-1,-3.6419218,0.0057499195,3,Classical monocytes,Classical monocytes,0.7297561123721945
TAATGTGATTACTC-1,17.184153,-0.37804422,4,Tcm/Naive helper T cells,CD16+ NK cells,0.12545852083701614
TACAAATGGGTACT-1,17.551388,1.1196398,0,Tcm/Naive helper T cells,Tcm/Naive helper T cells,0.7113012079429164
TACAATGAAAACAG-1,-4.0954666,1.323007,3,Classical monocytes,Classical monocytes,0.9934884693072074
TACAATGACTTAGG-1,17.03269,0.08525066,0,Type 17 helper T cells,Tcm/Naive helper T cells,0.6610197331068252
TACAATGATGCTAG-1,16.728739,-1.1457349,4,Tem/Trm cytotoxic T cells,CD16+ NK cells,0.8015500645017012
TACACACTCACACA-1,17.940084,3.5598102,0,Tcm/Naive helper T cells,Tcm/Naive helper T cells,0.9963406528066594
TACACACTCTTACT-1,16.897655,1.4389716,0,Regulatory T cells,Tcm/Naive helper T cells,0.6394831915633367
TACATAGAACGCAT-1,16.2458,-0.5641405,4,Tcm/Naive helper T cells,CD16+ NK cells,0.44892879271507535
TACATCACACGGGA-1,19.20324,0.3372476,1,Tcm/Naive helper T cells,Tcm/Naive helper T cells,0.9869886366374365
TACATCACCTGTTT-1,-2.8019986,-2.066233,5,Non-classical monocytes,Non-classical monocytes,0.9980722662093932
TACATCACGCTAAC-1,9.388655,15.621941,2,B cells,B cells,0.6781199823870222
TACATCACTGAACC-1,-3.1183908,-2.199475,5,Non-classical monocytes,Non-classical monocytes,0.998109199222453
TACCATTGAGGTTC-1,18.071426,3.1735551,1,Tcm/Naive helper T cells,Tcm/Naive helper T cells,0.959635107559925
TACCATTGCGGGAA-1,-4.3149686,-0.18825772,3,Non-classical monocytes,Classical monocytes,0.9929119870219085
TACCATTGGGGATG-1,-5.378772,0.61418056,3,Classical monocytes,Classical monocytes,0.9679859270672633
TACCATTGTGAGGG-1,-4.5437107,0.14104152,3,Classical monocytes,Classical monocytes,0.981044129102211
TACCGGCTGTTGGT-1,16.72066,1.4217899,0,Tcm/Naive cytotoxic T cells,Tcm/Naive helper T cells,0.9912529864534969
TACGAGTGATCTCT-1,19.096386,0.61389685,1,Tcm/Naive helper T cells,Tcm/Naive helper T cells,0.7155829604625029
TACGAGTGATGCTG-1,-2.6630023,-0.18243912,3,Classical monocytes,Classical monocytes,0.39255494627251386
TACGAGTGCGGAGA-1,17.09715,3.0541518,0,Regulatory T cells,Tcm/Naive helper T cells,0.9575301996320965
TACGAGTGGTTGGT-1,16.791292,0.9830782,0,Tcm/Naive helper T cells,Tcm/Naive helper T cells,0.5297552114060212
TACGATCTAGTGTC-1,17.73181,0.03332957,0,Tcm/Naive cytotoxic T cells,Tcm/Naive helper T cells,0.6341224945653194
TACGATCTCACTGA-1,-3.5382786,-0.55666757,3,Non-classical monocytes,Classical monocytes,0.9963427482428676
TACGATCTTACGAC-1,17.207367,-0.7623745,4,Tcm/Naive helper T cells,CD16+ NK cells,0.2767542430721544
TACGCAGACGTCTC-1,10.947242,15.690434,2,B cells,B cells,0.9760357948015951
TACGCAGAGAATCC-1,14.642834,-0.7219092,4,CD16+ NK cells,CD16+ NK cells,0.38631992280799154
TACGCCACATTCCT-1,18.358974,3.111654,0,Tcm/Naive helper T cells,Tcm/Naive helper T cells,0.8816538694272638
TACGCCACTCCCAC-1,-2.9936774,-2.3564084,5,Non-classical monocytes,Non-classical monocytes,0.9983100899718048
TACGCCACTCCGAA-1,11.000316,14.0491295,2,B cells,B cells,0.9991601211904211
TACGCGCTCTTCTA-1,17.590273,-0.67160183,4,Tem/Trm cytotoxic T cells,CD16+ NK cells,0.9664417355757399
TACGGAACGCGTTA-1,9.633213,15.663282,2,Naive B cells,B cells,0.9343797025995272
TACGGCCTGGGACA-1,14.966823,-2.308768,4,CD16+ NK cells,CD16+ NK cells,0.9622556674015051
TACGGCCTGTCCTC-1,19.754402,0.4187524,1,Tcm/Naive helper T cells,Tcm/Naive helper T cells,0.5192792495201879
TACGTACTACGGAG-1,16.186712,2.5211427,0,Tcm/Naive helper T cells,Tcm/Naive helper T cells,0.9124470632084716
TACGTACTCAGTTG-1,15.756223,2.494993,0,Tem/Effector helper T cells,Tcm/Naive helper T cells,0.408316261747627
TACGTACTCCCGTT-1,10.003724,14.930852,2,B cells,B cells,0.9713638534939396
TACGTTACAGAAGT-1,15.527141,2.081432,0,Regulatory T cells,Tcm/Naive helper T cells,0.5477376702082596
TACGTTACCAAGCT-1,-5.628342,1.6214007,3,Classical monocytes,Classical monocytes,0.9895559458449961
TACTAAGAAAGGTA-1,10.3504505,15.140841,2,B cells,B cells,0.6147971873326804
TACTAAGAATCACG-1,19.4395,0.9195375,1,Tcm/Naive helper T cells,Tcm/Naive helper T cells,0.34577475068904834
TACTAAGATGATGC-1,-3.7382185,1.6270576,3,Classical monocytes,Classical monocytes,0.9769715152331677
TACTAAGATTGCGA-1,16.643806,3.4439495,0,Tcm/Naive helper T cells,Tcm/Naive helper T cells,0.38491572110053035
TACTACACGAGAGC-1,16.467535,1.4076829,0,Tcm/Naive helper T cells,Tcm/Naive helper T cells,0.6634060255292185
TACTACACTTACCT-1,20.323017,-0.33239758,1,B cells,Tcm/Naive helper T cells,0.9767835747476721
TACTACTGAACCTG-1,-4.4195013,0.60059804,3,Classical monocytes,Classical monocytes,0.8959777737619607
TACTACTGATGTCG-1,15.845843,-2.6823454,4,Tem/Temra cytotoxic T cells,CD16+ NK cells,0.06448029024436643
TACTACTGATTCTC-1,18.719093,3.2632196,0,Tcm/Naive helper T cells,Tcm/Naive helper T cells,0.8975102986915955
TACTACTGTATGGC-1,18.482712,1.5326183,0,Tcm/Naive helper T cells,Tcm/Naive helper T cells,0.9820265697898362
TACTCAACGGTCTA-1,-4.191978,1.8759233,3,Classical monocytes,Classical monocytes,0.9918382062415696
TACTCAACTGCTAG-1,9.20026,14.657666,2,B cells,B cells,0.9721410050564068
TACTCCCTCAGTTG-1,17.731604,0.3163801,0,Tem/Effector helper T cells,Tcm/Naive helper T cells,0.630374554471052
TACTCTGAATCGAC-1,14.784809,-2.1788652,4,CD16+ NK cells,CD16+ NK cells,0.9908450834140774
TACTCTGACGAGTT-1,16.065254,2.7357275,0,Tem/Effector helper T cells,Tcm/Naive helper T cells,0.4782877693516873
TACTCTGATTGACG-1,8.695834,14.8411665,2,B cells,B cells,0.9993665243855117
TACTGGGATCGATG-1,16.516838,3.2081654,0,Tcm/Naive helper T cells,Tcm/Naive helper T cells,0.7396638405019289
TACTGTTGAAAGCA-1,18.197735,1.2282931,1,Tcm/Naive helper T cells,Tcm/Naive helper T cells,0.5390281941327079
TACTGTTGAGGCGA-1,14.108157,-2.7317464,4,CD16+ NK cells,CD16+ NK cells,0.9999951209433627
TACTGTTGCTGAAC-1,10.625083,13.2631445,2,Plasma cells,B cells,0.44775825493912796
TACTTGACTCCTCG-1,17.128166,-1.6395271,4,Tem/Trm cytotoxic T cells,CD16+ NK cells,0.9972253814246519
TACTTGACTGGTGT-1,9.398185,16.034533,2,B cells,B cells,0.9811929357857345
TACTTTCTTTTGGG-1,17.056938,0.2640175,0,MAIT cells,Tcm/Naive helper T cells,0.3923913177421816
TAGAAACTAATCGC-1,18.471117,1.1691593,1,Tcm/Naive helper T cells,Tcm/Naive helper T cells,0.936045122073261
TAGAAACTGCTTCC-1,-4.2758155,0.2961898,3,Classical monocytes,Classical monocytes,0.8664954974765829
TAGAAACTGGGATG-1,15.652136,-2.6597364,4,NK cells,CD16+ NK cells,0.2503854300410048
TAGAATTGCGACAT-1,18.932314,0.046595015,1,Tcm/Naive helper T cells,Tcm/Naive helper T cells,0.8367340102682028
TAGAATTGTATCGG-1,17.604824,1.6864433,0,Tcm/Naive helper T cells,Tcm/Naive helper T cells,0.941445524190299
TAGACGTGCTTGAG-1,18.862162,-0.24456021,1,Regulatory T cells,Tcm/Naive helper T cells,0.48885625489630086
TAGACGTGTCGCTC-1,17.134697,1.8068724,0,Tcm/Naive helper T cells,Tcm/Naive helper T cells,0.9410781452185764
TAGAGCACCTTACT-1,9.478513,15.3815155,2,Naive B cells,B cells,0.9734667821120843
TAGATTGACTTGTT-1,9.789651,15.645111,2,B cells,B cells,0.9738035845188938
TAGATTGAGGCATT-1,16.534275,-1.7751174,4,Tcm/Naive helper T cells,CD16+ NK cells,0.6193509245824077
TAGCATCTCAGCTA-1,14.839128,-2.9343486,4,CD16+ NK cells,CD16+ NK cells,0.9985544968679576
TAGCATCTCCCTCA-1,17.478298,0.15091503,0,Trm cytotoxic T cells,Tcm/Naive helper T cells,0.7011447457160344
TAGCATCTGCTGTA-1,-2.5510619,-1.492013,5,Non-classical monocytes,Non-classical monocytes,0.9989628006600203
TAGCATCTGGGACA-1,20.129038,1.723691,1,Tcm/Naive cytotoxic T cells,Tcm/Naive helper T cells,0.9550080613497479
TAGCATCTTGTCGA-1,19.054867,0.7772166,0,Tcm/Naive helper T cells,Tcm/Naive helper T cells,0.990537789689008
TAGCCCACAAAAGC-1,16.75598,1.4235185,0,Tem/Effector helper T cells,Tcm/Naive helper T cells,0.9512849057192893
TAGCCCACAGCCAT-1,17.02317,-0.5975421,4,MAIT cells,CD16+ NK cells,0.1795725773147947
TAGCCCACAGCTAC-1,14.502551,-2.3723068,4,CD16+ NK cells,CD16+ NK cells,0.9994575717569736
TAGCCCACCCACAA-1,19.568317,0.072097495,1,Tcm/Naive helper T cells,Tcm/Naive helper T cells,0.9864294577803566
TAGCCCTGCGGAGA-1,17.109158,-0.86201227,4,Tcm/Naive cytotoxic T cells,CD16+ NK cells,0.7304167715363695
TAGCCGCTTACGAC-1,16.96776,2.4092062,0,Tem/Effector helper T cells,Tcm/Naive helper T cells,0.8145959709080627
TAGCCGCTTACTTC-1,16.277063,-1.4252353,4,Tem/Trm cytotoxic T cells,CD16+ NK cells,0.7982872399315739
TAGCCGCTTTCCAT-1,-3.6447895,-0.14935268,3,Non-classical monocytes,Classical monocytes,0.982300003704612
TAGCTACTGAATAG-1,9.693619,14.329632,2,B cells,B cells,0.9921743397433308
TAGCTACTGTAGCT-1,17.402012,1.4835575,0,Tcm/Naive helper T cells,Tcm/Naive helper T cells,0.9740028625669446
TAGCTACTTTTGCT-1,17.513508,-0.9206799,4,MAIT cells,CD16+ NK cells,0.9011532349966904
TAGGACTGTGCTGA-1,16.942656,0.69228894,0,Tcm/Naive helper T cells,Tcm/Naive helper T cells,0.767166717317842
TAGGAGCTAAGGCG-1,9.863131,14.263682,2,B cells,B cells,0.8975952669426058
TAGGAGCTGAGGGT-1,16.71187,1.2695565,0,Tem/Effector helper T cells,Tcm/Naive helper T cells,0.6975484885289018
TAGGAGCTTGCATG-1,9.255129,15.3609295,2,B cells,B cells,0.9880000021363718
TAGGCAACCGTCTC-1,10.345374,15.018224,2,B cells,B cells,0.9952978957913898
TAGGCATGCTCTCG-1,-0.96223545,2.882231,6,pDC,DC,0.9998327477611229
TAGGCATGGCGAGA-1,17.25168,-1.3494694,4,Tem/Trm cytotoxic T cells,CD16+ NK cells,0.9844258507611898
TAGGCTGATGCCTC-1,-4.695223,0.31478968,3,Classical monocytes,Classical monocytes,0.9702304174217595
TAGGGACTGAACTC-1,15.398165,-2.2417202,4,CD16+ NK cells,CD16+ NK cells,0.15007793930326796
TAGGTCGACACTGA-1,19.935907,2.1548402,1,Tcm/Naive helper T cells,Tcm/Naive helper T cells,0.8025807937476241
TAGGTCGAGGATCT-1,10.062999,15.079381,2,B cells,B cells,0.9271819980853828
TAGGTGACACACTG-1,17.58691,0.9887278,1,Tem/Effector helper T cells,Tcm/Naive helper T cells,0.26845091967223883
TAGGTGACACGTTG-1,9.837094,16.160244,2,B cells,B cells,0.9801072026407374
TAGGTGTGTTCTGT-1,19.384047,2.536763,1,Tem/Trm cytotoxic T cells,Tcm/Naive helper T cells,0.5494378554656284
TAGGTTCTGAAGGC-1,16.870901,3.440045,0,Tcm/Naive helper T cells,Tcm/Naive helper T cells,0.8978378529294054
TAGGTTCTTCTTAC-1,-3.1344364,-2.0685954,5,Non-classical monocytes,Non-classical monocytes,0.9997142449772496
TAGGTTCTTGCTGA-1,-3.580783,1.6242495,3,Classical monocytes,Classical monocytes,0.9991411851496688
TAGTAAACCTCGCT-1,19.751137,1.9147882,1,Tcm/Naive helper T cells,Tcm/Naive helper T cells,0.99260755575887
TAGTAAACGTCACA-1,17.821249,2.0502577,0,Tcm/Naive helper T cells,Tcm/Naive helper T cells,0.058193354486339735
TAGTAATGAGATCC-1,18.721655,2.7153747,0,Tcm/Naive cytotoxic T cells,Tcm/Naive helper T cells,0.6138349365834579
TAGTACCTAAGAAC-1,-5.7141595,1.6328857,3,Classical monocytes,Classical monocytes,0.9911748888897298
TAGTATGATCTTAC-1,9.830417,15.152294,2,B cells,B cells,0.9873052071784164
TAGTATGATTCTCA-1,15.906648,1.48008,0,Tem/Effector helper T cells,Tcm/Naive helper T cells,0.9335769853915877
TAGTCTTGGCTGTA-1,19.978056,-0.39151123,1,Tcm/Naive helper T cells,Tcm/Naive helper T cells,0.9673932341395785
TAGTCTTGGGACTT-1,18.479225,-0.6676505,1,MAIT cells,Tcm/Naive helper T cells,0.19084364094337325
TAGTCTTGTGGAAA-1,16.346455,-0.87168247,4,MAIT cells,CD16+ NK cells,0.956125598946448
TAGTGGTGAAGTGA-1,13.928794,-2.7119555,4,CD16+ NK cells,CD16+ NK cells,0.9999224809841911
TAGTTAGAACCACA-1,14.40416,-2.9707332,4,CD16+ NK cells,CD16+ NK cells,0.999730703533565
TAGTTAGATGAACC-1,18.908365,1.067682,1,Tcm/Naive helper T cells,Tcm/Naive helper T cells,0.26477497837936875
TATAAGACAACAGA-1,18.89817,-0.50905186,1,Tcm/Naive cytotoxic T cells,Tcm/Naive helper T cells,0.5685065011266546
TATAAGACAGCTCA-1,-2.754583,-2.2520647,5,Non-classical monocytes,Non-classical monocytes,0.9977799788761541
TATAAGTGACACCA-1,-3.4487379,-2.4384058,5,Non-classical monocytes,Non-classical monocytes,0.9984875521475702
TATAAGTGTATCGG-1,-5.32686,1.6049168,3,Classical monocytes,Classical monocytes,0.8941104378354867
TATAAGTGTGGTGT-1,-3.0590603,-2.4132466,5,Non-classical monocytes,Non-classical monocytes,0.999939974746337
TATACAGAACCCTC-1,16.636791,-1.5264837,4,NKT cells,CD16+ NK cells,0.07778990446824353
TATACAGAAGAACA-1,19.667446,1.1773425,1,Tcm/Naive helper T cells,Tcm/Naive helper T cells,0.9655549028358457
TATACAGATCCAGA-1,17.138412,2.6130092,0,Tem/Effector helper T cells,Tcm/Naive helper T cells,0.5207425278769177
TATACCACCTGATG-1,9.85906,14.9998045,2,B cells,B cells,0.9813675261058086
TATACGCTACCAAC-1,17.227324,0.20191655,0,Type 17 helper T cells,Tcm/Naive helper T cells,0.1159880663375061
TATAGATGGACGGA-1,16.74687,2.1899946,0,Tcm/Naive helper T cells,Tcm/Naive helper T cells,0.9564068450630453
TATAGATGTTCCGC-1,-3.7101393,-1.8927227,5,Non-classical monocytes,Non-classical monocytes,0.997068633079697
TATCACTGACTGTG-1,-5.874565,1.0605193,3,Classical monocytes,Classical monocytes,0.988931210021717
TATCCAACCAGCTA-1,-5.3593946,0.89473015,3,Classical monocytes,Classical monocytes,0.9881254209099155
TATCCAACTCTCTA-1,15.827461,0.42431724,0,MAIT cells,Tcm/Naive helper T cells,0.9957128583415339
TATCGACTACTAGC-1,14.421892,-0.75576895,4,NK cells,CD16+ NK cells,0.2966593660130555
TATCGACTCGATAC-1,-3.5539968,-1.6103641,5,Non-classical monocytes,Non-classical monocytes,0.9295122612805794
TATCGTACAGATGA-1,18.046413,-0.18912481,0,Tem/Trm cytotoxic T cells,Tcm/Naive helper T cells,0.9599368692074436
TATCGTACATTCCT-1,-4.8971014,0.7877878,3,Classical monocytes,Classical monocytes,0.8438872616807258
TATCTCGAGAGATA-1,19.99487,-0.2936053,1,Tcm/Naive helper T cells,Tcm/Naive helper T cells,0.9977279860519191
TATCTGACAGGTTC-1,16.82965,-1.6879851,4,Tem/Trm cytotoxic T cells,CD16+ NK cells,0.7993745986875711
TATCTGACTGTTTC-1,17.142595,-0.627373,4,Tem/Trm cytotoxic T cells,CD16+ NK cells,0.9869453471563197
TATCTTCTAAACAG-1,19.717068,1.5666841,1,Tcm/Naive cytotoxic T cells,Tcm/Naive helper T cells,0.9967226307805914
TATGAATGGAGGAC-1,14.861566,-2.19821,4,Tem/Temra cytotoxic T cells,CD16+ NK cells,0.5702246836087135
TATGAATGTTTGCT-1,-2.8675346,-1.9967322,5,Non-classical monocytes,Non-classical monocytes,0.9988850717111454
TATGCGGATAACCG-1,16.094337,1.3900421,0,Tem/Effector helper T cells,Tcm/Naive helper T cells,0.7608904435194934
TATGGGTGCATCAG-1,14.2029915,-2.2677236,4,CD16+ NK cells,CD16+ NK cells,0.2902766293048833
TATGGGTGCTAGCA-1,10.942045,14.257403,2,B cells,B cells,0.9910723746501794
TATGGTCTCTACCC-1,18.921246,2.362827,0,Tcm/Naive cytotoxic T cells,Tcm/Naive helper T cells,0.5332369545747692
TATGTCACGGAACG-1,10.715098,14.17028,2,B cells,B cells,0.9911523064158465
TATGTCACTAACCG-1,-2.366832,-0.1516747,3,Non-classical monocytes,Classical monocytes,0.9828250111900995
TATGTCACTTCTCA-1,9.919907,14.572737,2,B cells,B cells,0.9989812847958942
TATGTGCTCCGATA-1,-3.943559,1.8577361,3,Classical monocytes,Classical monocytes,0.9962205902066238
TATGTGCTGGATTC-1,18.403147,1.3452551,0,Tcm/Naive helper T cells,Tcm/Naive helper T cells,0.8612672158362732
TATTGCTGAAGAAC-1,-5.6255374,0.61701846,3,Classical monocytes,Classical monocytes,0.8856760325293184
TATTGCTGCCGTTC-1,19.370409,0.092112914,1,B cells,Tcm/Naive helper T cells,0.8317739129849094
TATTGCTGTCTGGA-1,18.668707,0.6671109,1,Tcm/Naive helper T cells,Tcm/Naive helper T cells,0.8082407091562324
TATTGCTGTGCACA-1,17.671415,-1.5356973,4,Tem/Trm cytotoxic T cells,CD16+ NK cells,0.31591988613538696
TATTTCCTATTGGC-1,-4.9288974,0.15883532,3,Classical monocytes,Classical monocytes,0.9843912183523895
TATTTCCTGGAGGT-1,15.302662,-2.671977,4,CD16+ NK cells,CD16+ NK cells,0.8757437574030157
TATTTCCTGGTGTT-1,18.774862,2.6720922,0,Tcm/Naive helper T cells,Tcm/Naive helper T cells,0.45727409519752227
TCAACACTGTTTGG-1,14.28975,-1.915041,4,CD16+ NK cells,CD16+ NK cells,0.9926098494127482
TCAAGGACAGCGTT-1,17.071575,1.9395752,0,Regulatory T cells,Tcm/Naive helper T cells,0.3124034991906142
TCAAGGACATTCTC-1,15.870329,-2.0639715,4,NKT cells,CD16+ NK cells,0.28716731314885263
TCAAGGACGGTGTT-1,-3.7075758,1.5966415,3,Classical monocytes,Classical monocytes,0.8406103381258548
TCAATCACACTCTT-1,16.193832,-0.7844019,4,Tem/Trm cytotoxic T cells,CD16+ NK cells,0.826331713834408
TCAATCACAGTCGT-1,-3.4402997,-1.0963708,5,Non-classical monocytes,Non-classical monocytes,0.9778478059500094
TCACAACTATGTGC-1,18.265669,0.11819624,1,Tem/Effector helper T cells,Tcm/Naive helper T cells,0.5777815198556913
TCACAACTTTGCTT-1,-5.713947,1.0019772,3,Classical monocytes,Classical monocytes,0.9412859318621055
TCACATACACTTTC-1,15.986964,0.8721729,0,Tcm/Naive cytotoxic T cells,Tcm/Naive helper T cells,0.16607107935970494
TCACATACAGGGTG-1,19.63903,0.5307987,1,Tcm/Naive helper T cells,Tcm/Naive helper T cells,0.8879789296083602
TCACCCGAGACGGA-1,-2.4074388,0.14051898,3,Non-classical monocytes,Classical monocytes,0.9654719417317938
TCACCGTGCTCGCT-1,-2.871691,-2.4391227,5,Non-classical monocytes,Non-classical monocytes,0.997125211140426
TCACCTCTACGACT-1,16.914131,-0.7257473,4,MAIT cells,CD16+ NK cells,0.9351140155215114
TCACCTCTTCCAAG-1,-2.7898085,-1.6201928,5,Non-classical monocytes,Non-classical monocytes,0.9995404898491523
TCACGAGAGGAGGT-1,10.588312,15.684152,2,B cells,B cells,0.9723244722235461
TCACTATGGGGCAA-1,16.901968,-1.6183778,4,Tem/Trm cytotoxic T cells,CD16+ NK cells,0.988017894679392
TCACTATGGTTGTG-1,11.040579,15.28672,2,B cells,B cells,0.36060748260465764
TCAGACGACGCTAA-1,15.935465,1.531469,0,Tcm/Naive helper T cells,Tcm/Naive helper T cells,0.6654081982058838
TCAGACGACGTTAG-1,14.111555,-3.1555095,4,CD16+ NK cells,CD16+ NK cells,0.9999528766056311
TCAGAGACTCCAGA-1,19.955542,1.1185342,1,Tcm/Naive helper T cells,Tcm/Naive helper T cells,0.9968433690082993
TCAGCAGACTCCAC-1,18.012625,1.0135362,1,Tcm/Naive helper T cells,Tcm/Naive helper T cells,0.9568839451170454
TCAGCGCTCTAGTG-1,16.991173,-1.2159317,4,MAIT cells,CD16+ NK cells,0.9759287541529102
TCAGCGCTGGATCT-1,10.400273,15.398905,2,B cells,B cells,0.9682555611780708
TCAGCGCTGGTATC-1,16.500368,-0.5605865,4,MAIT cells,CD16+ NK cells,0.9979082920113278
TCAGGATGAAGTAG-1,20.205553,1.5237532,1,Tcm/Naive helper T cells,Tcm/Naive helper T cells,0.9975547998799795
TCAGGATGCCTTTA-1,-3.004345,-1.3459142,5,Non-classical monocytes,Non-classical monocytes,0.9947774816866404
TCAGTGGAAGATCC-1,15.882631,-2.0577614,4,Tcm/Naive helper T cells,CD16+ NK cells,0.540893527625836
TCAGTTACCTACGA-1,-3.2332935,1.3859781,3,Classical monocytes,Classical monocytes,0.9805552787324325
TCAGTTACTAGAAG-1,17.509638,3.1335046,0,Regulatory T cells,Tcm/Naive helper T cells,0.764185209499139
TCATCAACCCGATA-1,18.810926,1.0168687,1,Tcm/Naive helper T cells,Tcm/Naive helper T cells,0.9416212209870075
TCATCAACTGTTCT-1,-3.4289942,-0.3701647,3,Non-classical monocytes,Classical monocytes,0.9774069463733606
TCATCATGCAGTTG-1,17.24369,2.364898,0,Tcm/Naive helper T cells,Tcm/Naive helper T cells,0.5638674560475471
TCATCCCTTACTGG-1,16.371426,1.2519386,0,Tem/Effector helper T cells,Tcm/Naive helper T cells,0.7963913569411822
TCATTCGATACAGC-1,-2.7703521,-1.8321002,5,Non-classical monocytes,Non-classical monocytes,0.9997111619280677
TCCACGTGGAAACA-1,16.961788,0.6994616,0,Tcm/Naive cytotoxic T cells,Tcm/Naive helper T cells,0.8244006256505535
TCCACTCTACACTG-1,17.261347,1.1914742,0,Regulatory T cells,Tcm/Naive helper T cells,0.957384630295842
TCCACTCTGAGCTT-1,-3.107613,1.0732453,3,Classical monocytes,Classical monocytes,0.979350208009853
TCCACTCTTACTTC-1,10.47849,15.240829,2,B cells,B cells,0.9660706647947777
TCCATAACAAAGTG-1,17.931705,2.7707098,0,Tcm/Naive cytotoxic T cells,Tcm/Naive helper T cells,0.6233887946879694
TCCATAACCGTAGT-1,10.197938,14.603265,2,B cells,B cells,0.98869740125972
TCCATAACGATGAA-1,17.203552,2.9956799,0,Tem/Effector helper T cells,Tcm/Naive helper T cells,0.34996942118763247
TCCATAACTACGCA-1,18.870312,3.029853,0,Tcm/Naive helper T cells,Tcm/Naive helper T cells,0.9867389724328961
TCCATCCTCCCTAC-1,15.736011,-2.2466831,4,NK cells,CD16+ NK cells,0.11162402669690112
TCCCACGATCATTC-1,17.171394,1.9702249,0,Tcm/Naive helper T cells,Tcm/Naive helper T cells,0.7777730171072
TCCCATCTCAAAGA-1,-3.5110784,1.2537588,3,Classical monocytes,Classical monocytes,0.9926739956140136
TCCCGAACACAGTC-1,13.967227,-3.0146608,4,CD16+ NK cells,CD16+ NK cells,0.9999880472618307
TCCCGAACTTCGCC-1,-2.925094,-2.026096,5,Non-classical monocytes,Non-classical monocytes,0.9999757497293204
TCCCGATGAGATCC-1,17.007479,1.3356572,0,Tem/Effector helper T cells,Tcm/Naive helper T cells,0.8817577991211807
TCCCGATGCCTGAA-1,-5.72158,1.0370874,3,Classical monocytes,Classical monocytes,0.9744297012142085
TCCCGATGCTGTGA-1,17.215736,0.027872622,0,Tcm/Naive helper T cells,Tcm/Naive helper T cells,0.7264387487244238
TCCCTACTCAACTG-1,10.103453,14.394845,2,B cells,B cells,0.99805196100692
TCCGAAGACAATCG-1,-4.8393135,1.2836571,3,Classical monocytes,Classical monocytes,0.9300902218686886
TCCGAAGACGTTAG-1,17.325956,1.0222608,0,Tem/Effector helper T cells,Tcm/Naive helper T cells,0.9631405918973159
TCCGGACTGAGGTG-1,15.484495,2.5278013,0,Tcm/Naive helper T cells,Tcm/Naive helper T cells,0.8108726006224206
TCCGGACTGTACGT-1,17.022444,-0.88874733,4,MAIT cells,CD16+ NK cells,0.10184534115241776
TCCTAAACATCGAC-1,18.50303,-0.16991365,1,Tem/Trm cytotoxic T cells,Tcm/Naive helper T cells,0.9886081793341477
TCCTAAACCGAGAG-1,17.465733,1.2584907,0,Tem/Effector helper T cells,Tcm/Naive helper T cells,0.7001158167047259
TCCTAAACCGCATA-1,15.262979,-2.2101111,4,CD16+ NK cells,CD16+ NK cells,0.9990793608499018
TCCTAATGGTTTGG-1,16.18172,-2.6283364,4,NKT cells,CD16+ NK cells,0.0426414380654736
TCCTACCTGTCGTA-1,16.773396,1.735012,0,Tcm/Naive helper T cells,Tcm/Naive helper T cells,0.5013748296617504
TCCTATGAAAAGCA-1,16.741148,-2.2954726,4,Tem/Temra cytotoxic T cells,CD16+ NK cells,0.7257681566679484
TCGAATCTCTGGTA-1,16.447016,-1.6815535,4,NK cells,CD16+ NK cells,0.2990467398304396
TCGACCTGCCGATA-1,-3.7885158,-1.6167849,5,Non-classical monocytes,Non-classical monocytes,0.993148378506886
TCGACGCTTCTATC-1,-3.6570199,1.1639693,3,Classical monocytes,Classical monocytes,0.9993384905983588
TCGACGCTTTGACG-1,16.645954,2.4307194,0,Tcm/Naive helper T cells,Tcm/Naive helper T cells,0.6064916899042803
TCGAGAACGACAGG-1,17.281685,1.1161358,0,Tcm/Naive helper T cells,Tcm/Naive helper T cells,0.7065334684651385
TCGAGAACGTTAGC-1,15.26166,2.9492383,0,Regulatory T cells,Tcm/Naive helper T cells,0.9999062926795573
TCGAGCCTATCAGC-1,9.506635,15.705706,2,B cells,B cells,0.9891667838883583
TCGAGCCTGCGAGA-1,16.371286,-0.4671245,4,MAIT cells,CD16+ NK cells,0.9927516892240464
TCGAGCCTTGTGAC-1,18.090736,0.3445934,1,Tcm/Naive cytotoxic T cells,Tcm/Naive helper T cells,0.6017880161593036
TCGATACTATTCCT-1,17.010983,0.36666596,0,Trm cytotoxic T cells,Tcm/Naive helper T cells,0.7061850557209952
TCGATACTTGCACA-1,17.174253,0.8601995,0,Tem/Effector helper T cells,Tcm/Naive helper T cells,0.0995994018839692
TCGATTTGATGCCA-1,-4.7804346,0.5066493,3,Classical monocytes,Classical monocytes,0.6783958684601659
TCGATTTGCACTCC-1,17.45863,1.5638423,0,Tcm/Naive helper T cells,Tcm/Naive helper T cells,0.9443415721104069
TCGATTTGCAGCTA-1,14.594476,-2.9244475,4,CD16+ NK cells,CD16+ NK cells,0.999772024071937
TCGATTTGCCTACC-1,-4.032019,0.54861397,3,Classical monocytes,Classical monocytes,0.925301543588623
TCGATTTGTCGTGA-1,10.40997,14.854991,2,B cells,B cells,0.9931433619220593
TCGCACACCATCAG-1,-5.1795917,0.7469507,3,Classical monocytes,Classical monocytes,0.6751985944403939
TCGCAGCTAGATCC-1,15.990776,-0.9176197,4,Tem/Trm cytotoxic T cells,CD16+ NK cells,0.7791572828645582
TCGCCATGAGACTC-1,19.320099,1.7243922,1,Tcm/Naive helper T cells,Tcm/Naive helper T cells,0.9937816078804494
TCGCCATGTGGTCA-1,9.197324,14.942409,2,B cells,B cells,0.9720291468777851
TCGGACCTAACAGA-1,18.002535,2.6095695,0,Tcm/Naive helper T cells,Tcm/Naive helper T cells,0.980511565631497
TCGGACCTATAAGG-1,9.263578,14.200167,2,B cells,B cells,0.99424164940821
TCGGACCTGTACAC-1,15.961988,1.8653781,0,Tcm/Naive helper T cells,Tcm/Naive helper T cells,0.9656468589166121
TCGGTAGAGTAGGG-1,18.738312,2.5528917,1,Tcm/Naive helper T cells,Tcm/Naive helper T cells,0.9012085540529367
TCGGTAGATCCCAC-1,10.317144,14.728299,2,B cells,B cells,0.9821246338281349
TCGTAGGATCGACA-1,15.848685,1.6887795,0,Tcm/Naive helper T cells,Tcm/Naive helper T cells,0.3956168498762852
TCGTGAGAACTGTG-1,9.889253,15.990163,2,B cells,B cells,0.7711673797832442
TCGTTATGGACAAA-1,16.52026,1.783588,0,Tcm/Naive cytotoxic T cells,Tcm/Naive helper T cells,0.8504704033080414
TCTAACACCAGTTG-1,15.517887,-2.3640525,4,CD16+ NK cells,CD16+ NK cells,0.9975293835465316
TCTAACACGAGCAG-1,-1.29417,2.7837336,6,DC,DC,0.5092331100051466
TCTAACTGAACCAC-1,16.424822,0.08688294,4,Tcm/Naive helper T cells,CD16+ NK cells,0.601916952574814
TCTAAGCTAATGCC-1,17.355204,1.7236253,0,Tcm/Naive helper T cells,Tcm/Naive helper T cells,0.7289683296458336
TCTAAGCTTAGTCG-1,15.693766,-2.0365355,4,NK cells,CD16+ NK cells,0.37199472000186695
TCTAAGCTTCTAGG-1,-3.3655996,-2.0309184,5,Non-classical monocytes,Non-classical monocytes,0.9912940063888424
TCTAAGCTTGTTCT-1,-4.6922317,2.04575,3,Classical monocytes,Classical monocytes,0.9998731904524681
TCTAAGCTTTCGCC-1,10.878356,15.667295,2,B cells,B cells,0.9805435383875956
TCTACAACGACTAC-1,-2.5314035,0.77870995,3,Classical monocytes,Classical monocytes,0.9804597348378237
TCTAGACTTAGAAG-1,-4.75468,1.3826163,3,Classical monocytes,Classical monocytes,0.9976967787286909
TCTAGTTGCACCAA-1,-2.6665444,-0.7876613,5,Non-classical monocytes,Non-classical monocytes,0.8750856367126207
TCTATGTGAAGAGT-1,-5.193827,-0.18605046,3,Non-classical monocytes,Classical monocytes,0.7728945666611938
TCTATGTGAGTCTG-1,16.29577,-0.84098667,4,Tem/Trm cytotoxic T cells,CD16+ NK cells,0.9988589748809937
TCTCAAACCTAAGC-1,10.574614,15.600472,2,B cells,B cells,0.905898943699145
TCTCTAGAATTTCC-1,15.964318,1.8221189,0,Tem/Effector helper T cells,Tcm/Naive helper T cells,0.2209716899827753
TCTGATACACGTGT-1,17.769316,3.2315776,0,Tcm/Naive helper T cells,Tcm/Naive helper T cells,0.7654076855074963
TCTGATACTCGCCT-1,19.22735,3.015227,1,Tcm/Naive helper T cells,Tcm/Naive helper T cells,0.9032006926054391
TCTTACGAACCTGA-1,-4.3386974,1.3082999,3,Classical monocytes,Classical monocytes,0.9707463917422405
TCTTCAGAGCTACA-1,-2.222059,0.26658952,3,Non-classical monocytes,Classical monocytes,0.5510074513603805
TCTTGATGCGGAGA-1,16.760122,-1.4726595,4,NK cells,CD16+ NK cells,0.110283668255436
TGAAATTGGTGAGG-1,-3.576436,1.1487883,3,Classical monocytes,Classical monocytes,0.8381201012719827
TGAACCGAAAACGA-1,19.414267,0.34304625,1,Tcm/Naive helper T cells,Tcm/Naive helper T cells,0.677303286737847
TGAACCGACTACTT-1,-2.677065,-2.3916996,5,Non-classical monocytes,Non-classical monocytes,0.9616500394856057
TGAACCGATTCGGA-1,-3.8228126,-1.218504,5,Non-classical monocytes,Non-classical monocytes,0.9977707432631694
TGAAGCACTCACGA-1,16.789598,-0.4690315,4,Tcm/Naive helper T cells,CD16+ NK cells,0.1550823983557664
TGAAGCTGAACGAA-1,17.473543,0.71135986,0,Tcm/Naive cytotoxic T cells,Tcm/Naive helper T cells,0.9916757027404783
TGAAGCTGAGACTC-1,20.042355,-0.24231128,1,Tcm/Naive helper T cells,Tcm/Naive helper T cells,0.9010568980202477
TGAAGCTGCATGGT-1,9.786019,13.978557,2,B cells,B cells,0.9913404840726544
TGAAGCTGCGTAAC-1,18.248747,2.3189256,0,Tcm/Naive helper T cells,Tcm/Naive helper T cells,0.9815341395093082
TGAATAACCACTTT-1,18.541016,1.3605541,0,Tcm/Naive cytotoxic T cells,Tcm/Naive helper T cells,0.9993011406807807
TGAATAACTCCCAC-1,16.469933,-1.9442489,4,Tem/Trm cytotoxic T cells,CD16+ NK cells,0.1628582727211091
TGACACGACCTTAT-1,9.796089,15.649491,2,B cells,B cells,0.9075462419927194
TGACCAGACAACCA-1,17.05282,1.4838774,0,Regulatory T cells,Tcm/Naive helper T cells,0.12374425202485788
TGACCAGAGGATTC-1,19.225735,2.1611538,1,Tcm/Naive cytotoxic T cells,Tcm/Naive helper T cells,0.9991094488754186
TGACCGCTAAAAGC-1,15.643215,2.5091088,0,Tem/Effector helper T cells,Tcm/Naive helper T cells,0.5057269558969057
TGACCGCTCTGCAA-1,19.76776,0.74386984,1,Tcm/Naive helper T cells,Tcm/Naive helper T cells,0.9934081942502265
TGACGATGCAAAGA-1,-5.4030123,1.5194042,3,Classical monocytes,Classical monocytes,0.9009422350769806
TGACGCCTGTACCA-1,14.8715,2.3083243,8,Regulatory T cells,Tem/Trm cytotoxic T cells,0.9782373072553158
TGACGCCTTTACTC-1,15.525672,3.1697502,0,Regulatory T cells,Tcm/Naive helper T cells,0.9378519361925952
TGACTGGAAGAGAT-1,-5.4386954,0.6152973,3,Classical monocytes,Classical monocytes,0.9694827592561968
TGACTGGACCGTAA-1,17.190315,0.9647983,0,Regulatory T cells,Tcm/Naive helper T cells,0.8244918313109402
TGACTGGACGCAAT-1,19.376026,2.7952452,1,Tcm/Naive helper T cells,Tcm/Naive helper T cells,0.8933196808605197
TGACTGGAGGACAG-1,10.012595,14.13083,2,B cells,B cells,0.9988065355947442
TGACTGGATTCTCA-1,15.615081,1.2328212,0,Tem/Effector helper T cells,Tcm/Naive helper T cells,0.13250735876520042
TGACTTACACACCA-1,16.743351,1.3055708,0,Tcm/Naive helper T cells,Tcm/Naive helper T cells,0.6946183558760798
TGACTTACAGTCTG-1,-3.2445855,1.3248447,3,Classical monocytes,Classical monocytes,0.988055924987179
TGACTTTGCGCATA-1,19.208757,2.0575845,1,Tcm/Naive cytotoxic T cells,Tcm/Naive helper T cells,0.9999244314466558
TGACTTTGTTTGTC-1,16.262825,1.2221849,0,Tem/Effector helper T cells,Tcm/Naive helper T cells,0.997861887165333
TGAGACACAAGGTA-1,15.271512,2.2596223,0,Tem/Effector helper T cells,Tcm/Naive helper T cells,0.5976797084871619
TGAGACACTCAAGC-1,17.258057,-0.18706448,0,Type 1 helper T cells,Tcm/Naive helper T cells,0.07499816252891771
TGAGACACTGTGCA-1,19.228497,-0.39538467,1,Tem/Effector helper T cells,Tcm/Naive helper T cells,0.788212106729511
TGAGCTGAATGCTG-1,-2.9737215,-2.0418427,5,Non-classical monocytes,Non-classical monocytes,0.9995781561949122
TGAGCTGACTGGAT-1,-5.083579,1.9551568,3,Classical monocytes,Classical monocytes,0.9839136184978401
TGAGCTGAGCGAGA-1,19.975084,-0.46083406,1,Tcm/Naive helper T cells,Tcm/Naive helper T cells,0.976756702112318
TGAGCTGATGCTAG-1,-6.191238,0.39417854,3,Classical monocytes,Classical monocytes,0.9390825963804776
TGAGGACTCTCATT-1,-3.3780982,1.5167058,3,Classical monocytes,Classical monocytes,0.9989569228684574
TGAGGACTTCATTC-1,16.496878,2.916475,0,Tcm/Naive helper T cells,Tcm/Naive helper T cells,0.9431736823266124
TGAGGTACGAACCT-1,-3.439752,-1.866451,5,Non-classical monocytes,Non-classical monocytes,0.9978581446937304
TGAGTCGAGTTACG-1,10.8402605,15.298466,2,B cells,B cells,0.9958440346005837
TGAGTGACTGAGCT-1,19.054432,3.0733087,0,Tcm/Naive helper T cells,Tcm/Naive helper T cells,0.973302775906644
TGATAAACGAATCC-1,16.103106,2.7985413,0,Tcm/Naive helper T cells,Tcm/Naive helper T cells,0.836025673417758
TGATAAACTCCGTC-1,14.190754,-1.6262451,4,CD16+ NK cells,CD16+ NK cells,0.9948673018948089
TGATAAACTTTCAC-1,18.284002,1.5007035,0,Tcm/Naive helper T cells,Tcm/Naive helper T cells,0.9644138553722411
TGATACCTCACTAG-1,-5.361498,1.7916338,3,Classical monocytes,Classical monocytes,0.9972034018343805
TGATACCTGTTGGT-1,18.239048,0.25220877,0,DC,Tcm/Naive helper T cells,0.6136594089779673
TGATACCTTATGCG-1,18.258389,0.5929221,1,Tcm/Naive cytotoxic T cells,Tcm/Naive helper T cells,0.9856395073284697
TGATACCTTGAAGA-1,17.927866,2.2950745,0,Tcm/Naive helper T cells,Tcm/Naive helper T cells,0.8268400121414575
TGATATGAACCTTT-1,17.982643,2.111943,0,Tcm/Naive cytotoxic T cells,Tcm/Naive helper T cells,0.9991826571121946
TGATCACTAGCATC-1,18.091213,-0.8950015,1,MAIT cells,Tcm/Naive helper T cells,0.3113318386052938
TGATCACTCTCGCT-1,19.05594,1.8952936,1,Tcm/Naive helper T cells,Tcm/Naive helper T cells,0.9358078149550717
TGATCACTTCTACT-1,10.089534,14.936061,2,B cells,B cells,0.7546891562655839
TGATCGGACTGACA-1,-3.021661,-2.1525784,5,Non-classical monocytes,Non-classical monocytes,0.9981227892742824
TGATCGGAGGAGCA-1,9.888623,15.422568,2,B cells,B cells,0.712738785793911
TGATCGGATATGCG-1,-4.8303065,-0.68080074,5,Non-classical monocytes,Non-classical monocytes,0.9878534782407411
TGATTAGACATTGG-1,15.985981,1.9203597,0,Regulatory T cells,Tcm/Naive helper T cells,0.9456076188312837
TGATTAGATGACTG-1,9.42161,16.103298,2,B cells,B cells,0.8252735103719049
TGATTAGATGCTAG-1,19.257782,2.0799959,0,Tcm/Naive cytotoxic T cells,Tcm/Naive helper T cells,0.9800515107131479
TGATTCACTATGCG-1,19.435528,0.07984836,1,Tcm/Naive cytotoxic T cells,Tcm/Naive helper T cells,0.9976895742813429
TGATTCACTGTCAG-1,10.141691,14.345242,2,B cells,B cells,0.996392269647212
TGATTCTGCCGAAT-1,17.384796,2.6761997,0,Tcm/Naive helper T cells,Tcm/Naive helper T cells,0.77583154910902
TGATTCTGCTCTTA-1,17.249413,1.598612,0,Tcm/Naive helper T cells,Tcm/Naive helper T cells,0.8550224462773965
TGCAAGTGAGAACA-1,16.782303,3.2267704,0,Tcm/Naive helper T cells,Tcm/Naive helper T cells,0.7078655134025138
TGCAAGTGGGTAGG-1,-4.883118,0.46833807,3,Classical monocytes,Classical monocytes,0.9856840020628136
TGCAATCTTCAGGT-1,-1.0164285,2.5642316,6,DC,DC,0.16014427340972204
TGCACAGACGACAT-1,14.431441,-2.1613274,4,CD16+ NK cells,CD16+ NK cells,0.9992361315292093
TGCCAAGAGCAGTT-1,-4.3815584,-0.7851589,5,Non-classical monocytes,Non-classical monocytes,0.45526715781540616
TGCCAAGATCTCTA-1,16.433636,0.8985213,0,Tem/Effector helper T cells,Tcm/Naive helper T cells,0.6826168016993316
TGCCACTGAACGTC-1,15.693655,2.192522,0,Tcm/Naive helper T cells,Tcm/Naive helper T cells,0.4114522662727898
TGCCACTGCGATAC-1,14.940875,-3.0902946,4,CD16+ NK cells,CD16+ NK cells,0.9939749612090207
TGCCAGCTTGGCAT-1,17.957726,0.8106669,0,Tem/Effector helper T cells,Tcm/Naive helper T cells,0.7738955822748116
TGCCCAACAGCAAA-1,16.813992,1.544032,0,Tcm/Naive helper T cells,Tcm/Naive helper T cells,0.7559461192435593
TGCCCAACCGCATA-1,-3.4616106,-1.7058353,5,Non-classical monocytes,Non-classical monocytes,0.9952773251297703
TGCCGACTCTCCCA-1,9.834508,15.001269,2,B cells,B cells,0.9991333595257038
TGCGAAACAGTCAC-1,9.762199,15.292019,2,B cells,B cells,0.8462490320930824
TGCGAAACGTTGCA-1,10.147091,14.927884,2,B cells,B cells,0.9997934315069184
TGCGATGAACGGTT-1,17.068,0.44251618,0,Tem/Effector helper T cells,Tcm/Naive helper T cells,0.5446082283806637
TGCGATGACCTCGT-1,19.370909,2.9092326,1,Tcm/Naive helper T cells,Tcm/Naive helper T cells,0.9466827316409548
TGCGATGACTAGTG-1,10.525027,14.776219,2,B cells,B cells,0.9943505774646869
TGCGATGACTGCTC-1,9.27181,14.6334715,2,B cells,B cells,0.9939830733673846
TGCGATGACTTGCC-1,11.002216,14.824016,2,B cells,B cells,0.902034374034904
TGCGATGAGTGCTA-1,-3.3083618,-0.014611793,3,Classical monocytes,Classical monocytes,0.9659981158142819
TGCGCACTCTTGAG-1,-5.7144837,1.5583913,3,Classical monocytes,Classical monocytes,0.9726632005146797
TGCGTAGAATAAGG-1,-4.3359804,0.8457187,3,Classical monocytes,Classical monocytes,0.9950725858476468
TGCGTAGACGGGAA-1,10.632514,15.095636,2,B cells,B cells,0.9879826258393588
TGCGTAGATGGTCA-1,-3.125318,-2.1006637,5,Non-classical monocytes,Non-classical monocytes,0.9999091178902525
TGCTAGGAAACCGT-1,16.13894,0.1627853,4,Tem/Trm cytotoxic T cells,CD16+ NK cells,0.9254277857801059
TGCTAGGATAGTCG-1,17.602003,0.9653041,0,Tcm/Naive helper T cells,Tcm/Naive helper T cells,0.8353589255509258
TGCTATACGGTTCA-1,-3.961757,0.9890791,3,DC,Classical monocytes,0.06194007731180447
TGCTATACTGCTGA-1,15.99071,-0.87395185,4,NKT cells,CD16+ NK cells,0.15645910060766402
TGCTGAGAGAGCAG-1,13.918551,-2.3045547,4,CD16+ NK cells,CD16+ NK cells,0.9999912182397627
TGCTGAGATTATCC-1,17.344204,1.0391603,0,Tcm/Naive helper T cells,Tcm/Naive helper T cells,0.38702128966523924
TGGAAAGACTCTCG-1,10.793943,14.283447,2,B cells,B cells,0.4988241414799883
TGGAAAGAGCGATT-1,15.565014,2.842541,0,Regulatory T cells,Tcm/Naive helper T cells,0.9952850863851275
TGGAAAGAGGTCAT-1,-2.865535,-2.0043786,5,Non-classical monocytes,Non-classical monocytes,0.9683000821625914
TGGAAAGATATGGC-1,19.067616,-0.2496994,1,Tcm/Naive helper T cells,Tcm/Naive helper T cells,0.29750042841257707
TGGAACACAAACAG-1,14.45137,-1.9998662,4,CD16+ NK cells,CD16+ NK cells,0.9961647547796874
TGGAACACGCTAAC-1,16.64086,-0.57309186,4,MAIT cells,CD16+ NK cells,0.8197687715905593
TGGAAGCTCAGATC-1,18.595709,1.9761878,0,Tcm/Naive cytotoxic T cells,Tcm/Naive helper T cells,0.8617011266969415
TGGACCCTACACTG-1,-5.6127586,0.08485617,3,Classical monocytes,Classical monocytes,0.9930430035224783
TGGACCCTCATGGT-1,16.136448,0.018219316,4,MAIT cells,CD16+ NK cells,0.2671295785525791
TGGACCCTGGTACT-1,-2.8295774,-0.76268154,5,Non-classical monocytes,Non-classical monocytes,0.9993100571290806
TGGACTGAGTATGC-1,16.0784,3.3327367,0,Tcm/Naive helper T cells,Tcm/Naive helper T cells,0.8532437442078049
TGGAGACTATCAGC-1,-4.363062,1.3230488,3,Classical monocytes,Classical monocytes,0.9779957252565262
TGGAGACTGAAACA-1,20.004728,-0.50913495,1,Tcm/Naive helper T cells,Tcm/Naive helper T cells,0.8175255559747445
TGGAGACTTCAAGC-1,18.631533,1.0580392,1,Tcm/Naive helper T cells,Tcm/Naive helper T cells,0.9545204175729818
TGGAGACTTGACCA-1,16.248144,-2.0117903,4,Tem/Trm cytotoxic T cells,CD16+ NK cells,0.027024244762432748
TGGAGGGACGGAGA-1,-3.347247,-0.17660864,3,Classical monocytes,Classical monocytes,0.9574541954791278
TGGAGGGAGCTATG-1,19.191763,-0.061348345,1,Tcm/Naive cytotoxic T cells,Tcm/Naive helper T cells,0.8735951470537923
TGGATCGATAAAGG-1,17.785429,3.5560443,0,Tcm/Naive helper T cells,Tcm/Naive helper T cells,0.9948096755092165
TGGATGTGACCTAG-1,9.572158,15.6548605,2,B cells,B cells,0.9841740663695501
TGGATGTGATGTCG-1,16.455917,-0.8309796,4,MAIT cells,CD16+ NK cells,0.4356823360530292
TGGATGTGTGAAGA-1,8.956937,14.875613,2,B cells,B cells,0.9997374667317509
TGGATTCTCATACG-1,16.345924,-0.15718581,4,MAIT cells,CD16+ NK cells,0.9615888164066329
TGGCAATGCTTGTT-1,10.139081,15.160076,2,B cells,B cells,0.9622488543830429
TGGCAATGGAGGGT-1,16.802374,-0.9142533,4,MAIT cells,CD16+ NK cells,0.41340836401504727
TGGCACCTTCACGA-1,18.844149,-0.3829819,1,Tem/Trm cytotoxic T cells,Tcm/Naive helper T cells,0.4921989685961654
TGGCACCTTCAGTG-1,-3.312882,1.0474473,3,Classical monocytes,Classical monocytes,0.9972786541513414
TGGGTATGAAGAGT-1,16.007465,1.385961,0,Tcm/Naive helper T cells,Tcm/Naive helper T cells,0.5377294367475176
TGGGTATGCACAAC-1,16.771078,2.5641704,0,Tcm/Naive helper T cells,Tcm/Naive helper T cells,0.7436324438614396
TGGGTATGGTACGT-1,9.62638,16.075853,2,B cells,B cells,0.9780481822470257
TGGGTATGTTTGGG-1,-4.860329,-0.21952605,3,Non-classical monocytes,Classical monocytes,0.6229892006741338
TGGTAGACATGCCA-1,16.678806,0.31601313,0,Tem/Effector helper T cells,Tcm/Naive helper T cells,0.3421881300281496
TGGTAGACCCTCAC-1,14.589613,-2.0665572,4,CD16+ NK cells,CD16+ NK cells,0.49366780432635093
TGGTAGACCTGATG-1,16.591557,2.6017737,0,Tcm/Naive helper T cells,Tcm/Naive helper T cells,0.9143548156678291
TGGTAGTGCACTGA-1,-5.0904245,-0.5558107,3,Non-classical monocytes,Classical monocytes,0.9941735857240471
TGGTATCTAAACAG-1,16.294369,0.32799774,0,Tcm/Naive cytotoxic T cells,Tcm/Naive helper T cells,0.9698568330362671
TGGTATCTCTTCCG-1,17.961502,1.7505978,0,Tcm/Naive helper T cells,Tcm/Naive helper T cells,0.4859167494769026
TGGTCAGACCCAAA-1,19.296116,2.970529,0,Tcm/Naive helper T cells,Tcm/Naive helper T cells,0.07552939629120252
TGGTCAGACCGTTC-1,14.108678,-3.0864978,4,CD16+ NK cells,CD16+ NK cells,0.999997594318343
TGGTTACTGACGTT-1,-3.5609107,0.6334553,3,Classical monocytes,Classical monocytes,0.95069976781347
TGGTTACTGTTCTT-1,17.61531,1.4363586,0,Tcm/Naive cytotoxic T cells,Tcm/Naive helper T cells,0.9406599860568725
TGTAACCTAGAGGC-1,16.91219,1.22821,0,Type 17 helper T cells,Tcm/Naive helper T cells,0.966360150879926
TGTAACCTTGCCTC-1,-2.9850209,0.49679166,3,Classical monocytes,Classical monocytes,0.9558319937168659
TGTAATGACACAAC-1,13.970611,-2.2091942,4,CD16+ NK cells,CD16+ NK cells,0.9996370721080454
TGTAATGAGGTAAA-1,15.59534,-2.1060965,4,CD16+ NK cells,CD16+ NK cells,0.9790367818660832
TGTACTTGCTCTAT-1,-2.4692926,-2.057935,5,Non-classical monocytes,Non-classical monocytes,0.999999461234521
TGTAGGTGCGAGAG-1,10.21477,14.437159,2,B cells,B cells,0.9350934891122742
TGTAGGTGCTATGG-1,16.469936,2.3162706,0,Tem/Effector helper T cells,Tcm/Naive helper T cells,0.9700785886836776
TGTAGGTGCTCTAT-1,-1.1974266,2.6885686,6,Macrophages,DC,0.604763356406176
TGTAGGTGTGCTGA-1,16.691147,3.5931387,0,Tcm/Naive helper T cells,Tcm/Naive helper T cells,0.938484963915112
TGTAGTCTTCCAGA-1,17.743055,2.9832711,0,Megakaryocyte precursor,Tcm/Naive helper T cells,0.02848445552786771
TGTAGTCTTGCACA-1,16.034922,-0.24447332,4,MAIT cells,CD16+ NK cells,0.9651751028387633
TGTATCTGTTAGGC-1,17.13615,2.6155028,0,Tem/Effector helper T cells,Tcm/Naive helper T cells,0.9230876182868226
TGTATGCTCATGGT-1,9.175909,15.135186,2,B cells,B cells,0.84123269935641
TGTATGCTGTAGGG-1,17.85865,-0.2552014,0,Tcm/Naive helper T cells,Tcm/Naive helper T cells,0.10222158740296565
TGTATGCTTTCATC-1,17.969332,-0.19460969,1,Tcm/Naive helper T cells,Tcm/Naive helper T cells,0.9591760268224238
TGTCAGGAATACCG-1,18.242401,1.7531593,0,Tcm/Naive cytotoxic T cells,Tcm/Naive helper T cells,0.9997177264567851
TGTCAGGAGATGAA-1,-2.056917,-1.3947356,5,Non-classical monocytes,Non-classical monocytes,0.9837950724141747
TGTCTAACCCCTTG-1,18.650951,1.1318072,1,Tcm/Naive helper T cells,Tcm/Naive helper T cells,0.9456420145686176
TGTGACGATTCTCA-1,15.9730835,-1.3050473,4,Macrophages,CD16+ NK cells,0.04513659172710226
TGTGAGACTGTCAG-1,-2.9450915,-1.0541352,5,Non-classical monocytes,Non-classical monocytes,0.842331421157513
TGTGAGACTTGAGC-1,17.70866,1.7706614,0,Tcm/Naive helper T cells,Tcm/Naive helper T cells,0.7778221324090095
TGTGAGTGACCACA-1,19.022833,1.3847805,0,Tcm/Naive helper T cells,Tcm/Naive helper T cells,0.8633700642865085
TGTGAGTGAGTGCT-1,-3.2691724,-1.2957383,5,Non-classical monocytes,Non-classical monocytes,0.9998310495017768
TGTGAGTGGAGATA-1,17.077053,-1.9294649,4,Tem/Trm cytotoxic T cells,CD16+ NK cells,0.9631223578083797
TGTGATCTCTCTAT-1,9.741923,15.059479,2,B cells,B cells,0.9520268102320567
TGTGATCTGACACT-1,18.336382,0.31960303,0,Tcm/Naive cytotoxic T cells,Tcm/Naive helper T cells,0.27999498690952696
TGTGGATGGCCAAT-1,10.092593,15.518006,2,B cells,B cells,0.9864044931552891
TGTTAAGACAAAGA-1,-5.5682645,0.03142135,3,Classical monocytes,Classical monocytes,0.9988909055276863
TGTTAAGATAAGGA-1,-3.912131,1.7669998,3,Classical monocytes,Classical monocytes,0.9954211125167787
TGTTAAGATTGGCA-1,-6.1732426,0.44091016,3,Myelocytes,Classical monocytes,0.8365153154163149
TGTTACACCGCATA-1,-3.4738486,-1.3063598,5,Non-classical monocytes,Non-classical monocytes,0.9975897075839558
TGTTACACGACTAC-1,-4.120667,-0.9169437,5,Non-classical monocytes,Non-classical monocytes,0.6854432854154491
TGTTACTGGCTACA-1,16.245419,-0.8437605,4,MAIT cells,CD16+ NK cells,0.9463367174468821
TGTTACTGTAGTCG-1,15.798646,-1.7618212,4,NK cells,CD16+ NK cells,0.33632495000837564
TTAACCACCGTAAC-1,18.081434,0.39603257,0,Tcm/Naive cytotoxic T cells,Tcm/Naive helper T cells,0.7046890292212311
TTAACCACTAAGGA-1,16.617584,-2.4417586,4,NK cells,CD16+ NK cells,0.15827994450216568
TTAACCACTCAGAC-1,16.895752,-0.57470477,4,Tem/Trm cytotoxic T cells,CD16+ NK cells,0.7907097386584215
TTACACACGTGTTG-1,17.315517,0.58096784,1,Tem/Effector helper T cells,Tcm/Naive helper T cells,0.6267815940654832
TTACACACTCCTAT-1,19.177788,0.5848403,1,Tcm/Naive helper T cells,Tcm/Naive helper T cells,0.8401588047002507
TTACCATGAATCGC-1,-4.2020144,0.9421682,3,Classical monocytes,Classical monocytes,0.7702422907448234
TTACCATGGTTGAC-1,16.982403,2.9104323,0,Tcm/Naive helper T cells,Tcm/Naive helper T cells,0.9975407757884265
TTACCATGTGTCTT-1,18.458645,1.161152,0,CD16+ NK cells,Tcm/Naive helper T cells,0.8953048853609812
TTACCATGTTGTGG-1,9.840971,15.296368,2,B cells,B cells,0.9574796693734771
TTACGACTGAGAGC-1,15.794997,1.8878875,0,Tem/Effector helper T cells,Tcm/Naive helper T cells,0.9082612246000743
TTACGACTTGACAC-1,-5.387349,0.5570529,3,Classical monocytes,Classical monocytes,0.9862699241890103
TTACGTACGTTCAG-1,-0.47041953,-0.9485671,7,Megakaryocytes/platelets,Megakaryocytes/platelets,0.8975315431243356
TTACTCGAACGTTG-1,13.575057,2.7355263,8,Plasmablasts,Tem/Trm cytotoxic T cells,0.7538328907030856
TTACTCGAAGAATG-1,-3.4583812,1.8702991,3,Classical monocytes,Classical monocytes,0.9554347091966796
TTACTCGACGCAAT-1,-1.1790335,2.8604362,6,DC,DC,0.6824369700099804
TTACTCGAGGGTGA-1,18.045189,2.839559,0,Tcm/Naive helper T cells,Tcm/Naive helper T cells,0.9335643539403774
TTACTCGATCTACT-1,14.487937,-3.324105,4,CD16+ NK cells,CD16+ NK cells,0.9999708650505937
TTAGAATGTGGTGT-1,19.419512,1.0431931,1,Tcm/Naive helper T cells,Tcm/Naive helper T cells,0.8721529511923851
TTAGAATGTGTAGC-1,19.916897,-0.50244427,1,Tcm/Naive helper T cells,Tcm/Naive helper T cells,0.7076174433452932
TTAGACCTCCTACC-1,18.331635,0.5087794,1,Tcm/Naive helper T cells,Tcm/Naive helper T cells,0.9946120936807765
TTAGACCTCCTTTA-1,-4.333381,1.5448217,3,Classical monocytes,Classical monocytes,0.9770006867648727
TTAGCTACAACCGT-1,18.269,1.1616973,0,Tcm/Naive cytotoxic T cells,Tcm/Naive helper T cells,0.9874566897793662
TTAGCTACTGTCCC-1,-2.3208601,-0.39002937,3,Non-classical monocytes,Classical monocytes,0.9140184574668034
TTAGCTACTTTCGT-1,16.079657,1.6841536,0,Tcm/Naive helper T cells,Tcm/Naive helper T cells,0.59842526317973
TTAGGGACGCGAAG-1,16.189386,-0.31101614,4,MAIT cells,CD16+ NK cells,0.9374038393843209
TTAGGGTGCTGGAT-1,10.008767,14.258348,2,B cells,B cells,0.9882365528526348
TTAGGGTGTCCTGC-1,-3.2536697,-0.28346637,3,Non-classical monocytes,Classical monocytes,0.9984306710468164
TTAGGTCTACTTTC-1,-5.829686,1.0202472,3,Classical monocytes,Classical monocytes,0.884328333937414
TTAGTCACCAGTTG-1,15.608733,1.8246535,0,Type 17 helper T cells,Tcm/Naive helper T cells,0.4315545850754878
TTAGTCTGAAAGCA-1,11.112386,14.591893,2,B cells,B cells,0.9792072507675327
TTAGTCTGCCAACA-1,14.043769,-2.4849098,4,CD16+ NK cells,CD16+ NK cells,0.9998486263208924
TTAGTCTGTGCACA-1,18.12383,0.23447376,0,Tem/Effector helper T cells,Tcm/Naive helper T cells,0.3137932483618892
TTATCCGACTAGTG-1,9.489358,14.417814,2,B cells,B cells,0.9961242701286116
TTATCCGAGAAAGT-1,-2.748208,-0.6476357,3,Non-classical monocytes,Classical monocytes,0.9746973294402981
TTATGAGAGATAAG-1,18.710812,-0.37019125,1,Tcm/Naive cytotoxic T cells,Tcm/Naive helper T cells,0.7625968806496776
TTATGCACGTCACA-1,9.699302,16.011057,2,B cells,B cells,0.9512149760681535
TTATGGCTTATGGC-1,-1.2883042,2.951924,6,DC2,DC,0.9960528886242642
TTATTCCTATGCTG-1,-2.5852673,0.7655995,3,Classical monocytes,Classical monocytes,0.4922873846532611
TTATTCCTGGACAG-1,10.951149,14.458443,2,B cells,B cells,0.9889378136820761
TTATTCCTGGTACT-1,8.8990555,14.566646,2,B cells,B cells,0.9843369715262089
TTATTCCTTCGTGA-1,16.796661,2.9986086,0,Tcm/Naive helper T cells,Tcm/Naive helper T cells,0.5858157263392402
TTCAAAGATAAAGG-1,15.813149,-0.5945778,4,Tem/Trm cytotoxic T cells,CD16+ NK cells,0.9601475279233117
TTCAACACAACAGA-1,17.974905,2.7927415,0,Tcm/Naive helper T cells,Tcm/Naive helper T cells,0.9984220881174372
TTCAACACCCCAAA-1,-5.1584435,0.3952009,3,Classical monocytes,Classical monocytes,0.9850689752149789
TTCAACACGGACGA-1,-3.2327871,-1.3843341,5,Non-classical monocytes,Non-classical monocytes,0.973915186482135
TTCAAGCTAAGAAC-1,-3.0858781,1.2551061,3,Classical monocytes,Classical monocytes,0.9885201311449054
TTCAAGCTAGATGA-1,17.015848,3.445165,0,Tcm/Naive helper T cells,Tcm/Naive helper T cells,0.9687080671215175
TTCAAGCTGTTGAC-1,15.458679,1.7495843,0,Tcm/Naive helper T cells,Tcm/Naive helper T cells,0.5157741107565168
TTCAAGCTTCCAAG-1,19.68957,-0.03682013,1,Tcm/Naive helper T cells,Tcm/Naive helper T cells,0.8993673570446324
TTCAAGCTTGATGC-1,18.555155,1.7376174,0,Tcm/Naive helper T cells,Tcm/Naive helper T cells,0.49121724973346814
TTCAAGCTTTCGCC-1,17.229477,0.92651284,0,Tcm/Naive cytotoxic T cells,Tcm/Naive helper T cells,0.9995032902972516
TTCACAACCCGTTC-1,-2.5290778,0.42775184,3,Classical monocytes,Classical monocytes,0.8603362428815197
TTCACAACGTCTGA-1,-5.0226808,-0.95072126,3,Non-classical monocytes,Classical monocytes,0.6464422454240565
TTCAGACTACCCAA-1,19.826374,-0.16740449,1,Tcm/Naive helper T cells,Tcm/Naive helper T cells,0.9793105578840602
TTCAGACTCTCGAA-1,16.247065,1.5176377,0,Tem/Effector helper T cells,Tcm/Naive helper T cells,0.4370698772230547
TTCAGTACCGACTA-1,16.894495,0.88408184,0,Tcm/Naive helper T cells,Tcm/Naive helper T cells,0.9027627334332778
TTCAGTACTCAAGC-1,17.148226,2.8760202,0,Tcm/Naive cytotoxic T cells,Tcm/Naive helper T cells,0.9616229272174719
TTCAGTACTCCTAT-1,-5.2705183,1.7824986,3,Classical monocytes,Classical monocytes,0.9947362628282953
TTCAGTTGCCAAGT-1,18.112967,1.7095766,0,Tem/Effector helper T cells,Tcm/Naive helper T cells,0.6664210261904308
TTCAGTTGTCCTTA-1,-3.3618515,1.8590834,3,DC,Classical monocytes,0.36149215039380594
TTCAGTTGTCTAGG-1,19.277304,-0.30900458,1,Trm cytotoxic T cells,Tcm/Naive helper T cells,0.7799602425691283
TTCAGTTGTCTCGC-1,10.729843,14.902009,2,B cells,B cells,0.9814069535470993
TTCATCGAGGTGGA-1,-4.8940287,1.075452,3,Classical monocytes,Classical monocytes,0.9482882805075213
TTCATGTGTGGTGT-1,16.41594,2.4400904,0,Regulatory T cells,Tcm/Naive helper T cells,0.3211872439184624
TTCATTCTATGTCG-1,-3.520516,1.1440096,3,Classical monocytes,Classical monocytes,0.6756744899177968
TTCATTCTTCTCTA-1,18.674934,1.8739868,0,Tcm/Naive helper T cells,Tcm/Naive helper T cells,0.8247314089855989
TTCCAAACCTATGG-1,-5.2778306,0.66919696,3,Classical monocytes,Classical monocytes,0.46979218210420853
TTCCAAACCTCCCA-1,10.549305,14.039296,2,B cells,B cells,0.8829879687161116
TTCCAAACTCCCAC-1,14.798959,-2.3170352,4,CD16+ NK cells,CD16+ NK cells,0.597604252680286
TTCCAAACTTGACG-1,16.704876,-2.1296463,4,Tem/Temra cytotoxic T cells,CD16+ NK cells,0.6509371255925531
TTCCATGACGAGAG-1,-3.1367698,1.3706857,3,Classical monocytes,Classical monocytes,0.9998849206614917
TTCCATGACTGTCC-1,19.928621,-0.39825508,1,DC,Tcm/Naive helper T cells,0.47744082642679764
TTCCCACTTGAGGG-1,13.893654,-2.6105263,4,CD16+ NK cells,CD16+ NK cells,0.9999707522882608
TTCCCACTTGTCTT-1,-3.2466908,0.79988456,3,Non-classical monocytes,Classical monocytes,0.9437945714418886
TTCCTAGAAAGTGA-1,19.357141,0.96862835,1,Tcm/Naive helper T cells,Tcm/Naive helper T cells,0.9725082866858407
TTCCTAGACTAGTG-1,-3.4484692,-1.7984823,5,Non-classical monocytes,Non-classical monocytes,0.9575053007877692
TTCGAGGACTCTAT-1,17.00391,2.46854,0,Tcm/Naive helper T cells,Tcm/Naive helper T cells,0.26509654067662913
TTCGAGGAGGGCAA-1,15.829965,1.0399255,0,Tem/Trm cytotoxic T cells,Tcm/Naive helper T cells,0.16038101811508323
TTCGAGGATAGAAG-1,-4.4915085,-1.2233101,5,Non-classical monocytes,Non-classical monocytes,0.6403804035519082
TTCGATTGAGCATC-1,18.496174,0.5852511,0,Tcm/Naive cytotoxic T cells,Tcm/Naive helper T cells,0.45522336732427865
TTCGGAGAATGCCA-1,-5.220136,1.4131274,3,Classical monocytes,Classical monocytes,0.8609969040763795
TTCGGAGATGTGCA-1,17.580473,0.39881828,0,Tcm/Naive helper T cells,Tcm/Naive helper T cells,0.944659653263679
TTCGTATGAAAAGC-1,16.184284,-1.9999193,4,NK cells,CD16+ NK cells,0.905473773604023
TTCGTATGGATAGA-1,15.3850565,-2.7783005,4,NK cells,CD16+ NK cells,0.4060238972191684
TTCGTATGGTCTGA-1,17.915863,2.5314057,0,B cells,Tcm/Naive helper T cells,0.5667225120871401
TTCGTATGTCCTTA-1,-3.0802355,-0.24595061,3,Non-classical monocytes,Classical monocytes,0.6042180079206179
TTCTACGAACGTAC-1,17.41697,0.6304692,0,Tcm/Naive helper T cells,Tcm/Naive helper T cells,0.8218747780505392
TTCTACGAGTTGGT-1,15.8687935,2.9023921,0,Tem/Effector helper T cells,Tcm/Naive helper T cells,0.7114929774175843
TTCTAGTGACACGT-1,15.375944,2.0352318,0,Tem/Effector helper T cells,Tcm/Naive helper T cells,0.3231685944084336
TTCTAGTGCATGAC-1,-4.4472623,0.9117042,3,Classical monocytes,Classical monocytes,0.9995738042304203
TTCTAGTGGAGAGC-1,13.998541,-2.6106102,4,CD16+ NK cells,CD16+ NK cells,0.9995083650805465
TTCTAGTGGTCACA-1,-3.334801,-0.65527606,5,Classical monocytes,Non-classical monocytes,0.9236881313293751
TTCTCAGAAGAGAT-1,16.232464,3.4675741,0,Tcm/Naive helper T cells,Tcm/Naive helper T cells,0.9640776390366294
TTCTCAGAAGCATC-1,9.830003,14.639804,2,B cells,B cells,0.9947313860494953
TTCTCAGATGGAGG-1,16.289188,2.105718,0,Tem/Effector helper T cells,Tcm/Naive helper T cells,0.2523706127565881
TTCTGATGGAGACG-1,14.090445,-2.8686762,4,CD16+ NK cells,CD16+ NK cells,0.9996041947825106
TTCTTACTCTGGAT-1,-4.6358056,-0.9217794,3,Non-classical monocytes,Classical monocytes,0.993322778801318
TTGAACCTCCTTGC-1,9.821908,14.950629,2,Naive B cells,B cells,0.7427076773326795
TTGAATGAACTACG-1,-3.3415961,-1.865891,5,Non-classical monocytes,Non-classical monocytes,0.9482668128867564
TTGAATGACTTACT-1,19.919441,2.1830633,1,Tcm/Naive helper T cells,Tcm/Naive helper T cells,0.9930722333273494
TTGAATGATCTCAT-1,10.368682,14.380944,2,B cells,B cells,0.9998675615048678
TTGACACTCTGTAG-1,18.346785,3.427754,0,DC,Tcm/Naive helper T cells,0.08748571551197912
TTGACACTGATAAG-1,9.248962,15.082469,2,B cells,B cells,0.9945981365596187
TTGAGGACAGAACA-1,-3.421924,1.8843395,3,Classical monocytes,Classical monocytes,0.8340449579420758
TTGAGGACTACGCA-1,-1.2376206,2.7934566,6,DC,DC,0.7379911215441355
TTGAGGTGGACGGA-1,18.019102,0.14353266,1,Regulatory T cells,Tcm/Naive helper T cells,0.2437340422099657
TTGCATTGAGCTAC-1,17.04513,-1.8102024,4,Tcm/Naive cytotoxic T cells,CD16+ NK cells,0.1437752931599093
TTGCATTGCTAAGC-1,-4.4850516,2.0847807,3,Classical monocytes,Classical monocytes,0.7939436036087933
TTGCATTGTGACTG-1,17.820179,1.2877251,0,Tem/Effector helper T cells,Tcm/Naive helper T cells,0.8795086371599732
TTGCTAACACCAAC-1,17.218699,-1.6997454,4,Tem/Trm cytotoxic T cells,CD16+ NK cells,0.9898883821409302
TTGCTAACACGCTA-1,-3.9508843,-1.3227311,5,Non-classical monocytes,Non-classical monocytes,0.9929265002426294
TTGCTAACCACTCC-1,18.605452,3.0992584,0,Tcm/Naive cytotoxic T cells,Tcm/Naive helper T cells,0.9849573196909911
TTGCTATGGTACGT-1,-3.2193315,1.0257931,3,Classical monocytes,Classical monocytes,0.982020246698785
TTGCTATGGTAGGG-1,-3.3516145,-1.7330781,5,Non-classical monocytes,Non-classical monocytes,0.9994723322907451
TTGGAGACCAATCG-1,16.995779,2.1221278,0,Tem/Effector helper T cells,Tcm/Naive helper T cells,0.7192370716731175
TTGGAGACGCTATG-1,-4.4244576,1.4981542,3,Classical monocytes,Classical monocytes,0.9911986947856251
TTGGAGACTATGGC-1,9.764707,15.111758,2,B cells,B cells,0.9500385541864744
TTGGGAACTGAACC-1,18.49891,2.3275957,1,Tcm/Naive cytotoxic T cells,Tcm/Naive helper T cells,0.9950919349912546
TTGGTACTACTGGT-1,-3.3257627,-0.4737066,3,Non-classical monocytes,Classical monocytes,0.9909879664837234
TTGGTACTCTTAGG-1,19.682163,0.7233271,1,Tcm/Naive helper T cells,Tcm/Naive helper T cells,0.9528175713265842
TTGGTACTGAATCC-1,8.855707,15.383804,2,B cells,B cells,0.9996038176111546
TTGGTACTGGATTC-1,9.6070385,14.288493,2,B cells,B cells,0.993575912754982
TTGTACACGTTGTG-1,9.854198,14.992934,2,B cells,B cells,0.9999488273131274
TTGTACACTTGCAG-1,16.618011,0.81139797,0,Tem/Effector helper T cells,Tcm/Naive helper T cells,0.40014186407665037
TTGTAGCTAGCTCA-1,17.203892,0.28356636,0,Regulatory T cells,Tcm/Naive helper T cells,0.3350258640365655
TTGTAGCTCTCTTA-1,10.51949,15.156146,2,B cells,B cells,0.2919555986946315
TTGTCATGGACGGA-1,14.593798,-2.630053,4,CD16+ NK cells,CD16+ NK cells,0.9999813093674709
TTTAGAGATCCTCG-1,10.333418,14.423478,2,B cells,B cells,0.9811216201090313
TTTAGCTGATACCG-1,18.502747,2.6292534,0,Tcm/Naive cytotoxic T cells,Tcm/Naive helper T cells,0.9993975387545566
TTTAGCTGGATACC-1,-3.5856295,0.57980376,3,Classical monocytes,Classical monocytes,0.9787634046555602
TTTAGCTGTACTCT-1,-1.3676511,2.4475079,6,Classical monocytes,DC,0.7489703332565759
TTTAGGCTCCTTTA-1,-5.0308213,1.5097735,3,Classical monocytes,Classical monocytes,0.8803672045152979
TTTATCCTGTTGTG-1,-3.1072786,-0.87976146,5,Non-classical monocytes,Non-classical monocytes,0.9848105225705849
TTTCACGAGGTTCA-1,18.059645,2.3688734,0,Tcm/Naive helper T cells,Tcm/Naive helper T cells,0.952441414646611
TTTCAGTGGAAGGC-1,16.31393,-1.0327814,4,MAIT cells,CD16+ NK cells,0.6886323706225337
TTTCAGTGTCACGA-1,9.731533,13.592447,2,B cells,B cells,0.9510996299276909
TTTCAGTGTCTATC-1,-5.219031,0.948302,3,Classical monocytes,Classical monocytes,0.9397956736613199
TTTCAGTGTGCAGT-1,9.322176,15.110321,2,B cells,B cells,0.8842388561542849
TTTCCAGAGGTGAG-1,16.645727,0.7605175,0,Tem/Effector helper T cells,Tcm/Naive helper T cells,0.27802334266067286
TTTCGAACACCTGA-1,-0.75197244,3.0064592,6,pDC,DC,0.9971524513367841
TTTCGAACTCTCAT-1,-2.7395024,1.7809365,3,Classical monocytes,Classical monocytes,0.6846845222223024
TTTCTACTGAGGCA-1,10.507215,13.221972,2,B cells,B cells,0.7764122804605927
TTTCTACTTCCTCG-1,10.260323,15.761329,2,B cells,B cells,0.867343594098212
TTTGCATGAGAGGC-1,9.0606985,15.00749,2,B cells,B cells,0.9721741802239705
TTTGCATGCCTCAC-1,18.067198,0.5190859,0,Tcm/Naive helper T cells,Tcm/Naive helper T cells,0.9217075139302047
